--
-- JBoss, Home of Professional Open Source
-- Copyright 2013, Red Hat, Inc. and/or its affiliates, and individual
-- contributors by the @authors tag. See the copyright.txt in the
-- distribution for a full listing of individual contributors.
--
-- Licensed under the Apache License, Version 2.0 (the "License");
-- you may not use this file except in compliance with the License.
-- You may obtain a copy of the License at
-- http://www.apache.org/licenses/LICENSE-2.0
-- Unless required by applicable law or agreed to in writing, software
-- distributed under the License is distributed on an "AS IS" BASIS,
-- WITHOUT WARRANTIES OR CONDITIONS OF ANY KIND, either express or implied.
-- See the License for the specific language governing permissions and
-- limitations under the License.
--

-- You can use this file to load seed data into the database using SQL statements
--REM INSERTING into PCKM_SEASON
Insert into PCKM_SEASON (SEASON_ID,SEASON,BEGIN_DATE,END_DATE,LAST_UPDATE_DATE,LAST_UPDATE_USER,CREATE_DATE,CREATE_USER,SYS_MOD_COUNT) values (5,'2012',PARSEDATETIME('2012-08-30','yyyy-MM-dd'),PARSEDATETIME('2013-01-07','yyyy-MM-dd'),PARSEDATETIME('2011-07-25-08.52.53.381','yyyy-MM-dd-HH.mm.ss.SSS'),'dogdog',PARSEDATETIME('2011-07-25-08.52.53.381','yyyy-MM-dd-HH.mm.ss.SSS'),'dogdog',0);
Insert into PCKM_SEASON (SEASON_ID,SEASON,BEGIN_DATE,END_DATE,LAST_UPDATE_DATE,LAST_UPDATE_USER,CREATE_DATE,CREATE_USER,SYS_MOD_COUNT) values (1,'2011',PARSEDATETIME('2011-09-01','yyyy-MM-dd'),PARSEDATETIME('2012-01-09','yyyy-MM-dd'),PARSEDATETIME('2011-07-19-15.24.32.274','yyyy-MM-dd-HH.mm.ss.SSS'),'dogdog',PARSEDATETIME('2011-07-19-15.11.19.626','yyyy-MM-dd-HH.mm.ss.SSS'),'dogdog',1);

--REM INSERTING into PCKM_SEASON_WEEK
Insert into PCKM_SEASON_WEEK (SEASON_WEEK_ID,SEASON_ID,WEEK_NUMBER,BEGIN_DATE,END_DATE,LAST_UPDATE_DATE,LAST_UPDATE_USER,CREATE_DATE,CREATE_USER,SYS_MOD_COUNT) values (3,1,2,PARSEDATETIME('2011-09-08','yyyy-MM-dd'),PARSEDATETIME('2011-09-14','yyyy-MM-dd'),PARSEDATETIME('2011-07-22-13.42.01.742','yyyy-MM-dd-HH.mm.ss.SSS'),'dogdog',PARSEDATETIME('2011-07-22-13.42.01.742','yyyy-MM-dd-HH.mm.ss.SSS'),'dogdog',0);
Insert into PCKM_SEASON_WEEK (SEASON_WEEK_ID,SEASON_ID,WEEK_NUMBER,BEGIN_DATE,END_DATE,LAST_UPDATE_DATE,LAST_UPDATE_USER,CREATE_DATE,CREATE_USER,SYS_MOD_COUNT) values (2,1,1,PARSEDATETIME('2011-09-01','yyyy-MM-dd'),PARSEDATETIME('2011-09-07','yyyy-MM-dd'),PARSEDATETIME('2011-07-22-13.41.32.321','yyyy-MM-dd-HH.mm.ss.SSS'),'dogdog',PARSEDATETIME('2011-07-22-13.41.16.534','yyyy-MM-dd-HH.mm.ss.SSS'),'dogdog',1);
Insert into PCKM_SEASON_WEEK (SEASON_WEEK_ID,SEASON_ID,WEEK_NUMBER,BEGIN_DATE,END_DATE,LAST_UPDATE_DATE,LAST_UPDATE_USER,CREATE_DATE,CREATE_USER,SYS_MOD_COUNT) values (4,1,3,PARSEDATETIME('2011-09-15','yyyy-MM-dd'),PARSEDATETIME('2011-09-21','yyyy-MM-dd'),PARSEDATETIME('2011-07-22-13.42.23.177','yyyy-MM-dd-HH.mm.ss.SSS'),'dogdog',PARSEDATETIME('2011-07-22-13.42.23.177','yyyy-MM-dd-HH.mm.ss.SSS'),'dogdog',0);
Insert into PCKM_SEASON_WEEK (SEASON_WEEK_ID,SEASON_ID,WEEK_NUMBER,BEGIN_DATE,END_DATE,LAST_UPDATE_DATE,LAST_UPDATE_USER,CREATE_DATE,CREATE_USER,SYS_MOD_COUNT) values (5,1,4,PARSEDATETIME('2011-09-22','yyyy-MM-dd'),PARSEDATETIME('2011-09-28','yyyy-MM-dd'),PARSEDATETIME('2011-07-22-13.42.42.786','yyyy-MM-dd-HH.mm.ss.SSS'),'dogdog',PARSEDATETIME('2011-07-22-13.42.42.786','yyyy-MM-dd-HH.mm.ss.SSS'),'dogdog',0);
Insert into PCKM_SEASON_WEEK (SEASON_WEEK_ID,SEASON_ID,WEEK_NUMBER,BEGIN_DATE,END_DATE,LAST_UPDATE_DATE,LAST_UPDATE_USER,CREATE_DATE,CREATE_USER,SYS_MOD_COUNT) values (6,1,5,PARSEDATETIME('2011-09-29','yyyy-MM-dd'),PARSEDATETIME('2011-10-05','yyyy-MM-dd'),PARSEDATETIME('2011-07-22-13.43.04.564','yyyy-MM-dd-HH.mm.ss.SSS'),'dogdog',PARSEDATETIME('2011-07-22-13.43.04.564','yyyy-MM-dd-HH.mm.ss.SSS'),'dogdog',0);
Insert into PCKM_SEASON_WEEK (SEASON_WEEK_ID,SEASON_ID,WEEK_NUMBER,BEGIN_DATE,END_DATE,LAST_UPDATE_DATE,LAST_UPDATE_USER,CREATE_DATE,CREATE_USER,SYS_MOD_COUNT) values (7,1,6,PARSEDATETIME('2011-10-06','yyyy-MM-dd'),PARSEDATETIME('2011-10-12','yyyy-MM-dd'),PARSEDATETIME('2011-07-22-13.43.26.996','yyyy-MM-dd-HH.mm.ss.SSS'),'dogdog',PARSEDATETIME('2011-07-22-13.43.26.996','yyyy-MM-dd-HH.mm.ss.SSS'),'dogdog',0);
Insert into PCKM_SEASON_WEEK (SEASON_WEEK_ID,SEASON_ID,WEEK_NUMBER,BEGIN_DATE,END_DATE,LAST_UPDATE_DATE,LAST_UPDATE_USER,CREATE_DATE,CREATE_USER,SYS_MOD_COUNT) values (8,1,7,PARSEDATETIME('2011-10-13','yyyy-MM-dd'),PARSEDATETIME('2011-10-19','yyyy-MM-dd'),PARSEDATETIME('2011-07-22-13.44.08.321','yyyy-MM-dd-HH.mm.ss.SSS'),'dogdog',PARSEDATETIME('2011-07-22-13.44.08.321','yyyy-MM-dd-HH.mm.ss.SSS'),'dogdog',0);
Insert into PCKM_SEASON_WEEK (SEASON_WEEK_ID,SEASON_ID,WEEK_NUMBER,BEGIN_DATE,END_DATE,LAST_UPDATE_DATE,LAST_UPDATE_USER,CREATE_DATE,CREATE_USER,SYS_MOD_COUNT) values (9,1,8,PARSEDATETIME('2011-10-20','yyyy-MM-dd'),PARSEDATETIME('2011-10-26','yyyy-MM-dd'),PARSEDATETIME('2011-07-22-13.44.37.727','yyyy-MM-dd-HH.mm.ss.SSS'),'dogdog',PARSEDATETIME('2011-07-22-13.44.37.727','yyyy-MM-dd-HH.mm.ss.SSS'),'dogdog',0);
Insert into PCKM_SEASON_WEEK (SEASON_WEEK_ID,SEASON_ID,WEEK_NUMBER,BEGIN_DATE,END_DATE,LAST_UPDATE_DATE,LAST_UPDATE_USER,CREATE_DATE,CREATE_USER,SYS_MOD_COUNT) values (10,1,9,PARSEDATETIME('2011-10-27','yyyy-MM-dd'),PARSEDATETIME('2011-11-02','yyyy-MM-dd'),PARSEDATETIME('2011-07-22-13.45.08.584','yyyy-MM-dd-HH.mm.ss.SSS'),'dogdog',PARSEDATETIME('2011-07-22-13.45.08.584','yyyy-MM-dd-HH.mm.ss.SSS'),'dogdog',0);
Insert into PCKM_SEASON_WEEK (SEASON_WEEK_ID,SEASON_ID,WEEK_NUMBER,BEGIN_DATE,END_DATE,LAST_UPDATE_DATE,LAST_UPDATE_USER,CREATE_DATE,CREATE_USER,SYS_MOD_COUNT) values (11,1,10,PARSEDATETIME('2011-11-03','yyyy-MM-dd'),PARSEDATETIME('2011-11-09','yyyy-MM-dd'),PARSEDATETIME('2011-07-22-13.45.32.576','yyyy-MM-dd-HH.mm.ss.SSS'),'dogdog',PARSEDATETIME('2011-07-22-13.45.32.576','yyyy-MM-dd-HH.mm.ss.SSS'),'dogdog',0);
Insert into PCKM_SEASON_WEEK (SEASON_WEEK_ID,SEASON_ID,WEEK_NUMBER,BEGIN_DATE,END_DATE,LAST_UPDATE_DATE,LAST_UPDATE_USER,CREATE_DATE,CREATE_USER,SYS_MOD_COUNT) values (12,1,11,PARSEDATETIME('2011-11-10','yyyy-MM-dd'),PARSEDATETIME('2011-11-16','yyyy-MM-dd'),PARSEDATETIME('2011-07-22-13.45.57.848','yyyy-MM-dd-HH.mm.ss.SSS'),'dogdog',PARSEDATETIME('2011-07-22-13.45.57.848','yyyy-MM-dd-HH.mm.ss.SSS'),'dogdog',0);
Insert into PCKM_SEASON_WEEK (SEASON_WEEK_ID,SEASON_ID,WEEK_NUMBER,BEGIN_DATE,END_DATE,LAST_UPDATE_DATE,LAST_UPDATE_USER,CREATE_DATE,CREATE_USER,SYS_MOD_COUNT) values (13,1,12,PARSEDATETIME('2011-11-17','yyyy-MM-dd'),PARSEDATETIME('2011-11-23','yyyy-MM-dd'),PARSEDATETIME('2011-07-22-13.46.36.162','yyyy-MM-dd-HH.mm.ss.SSS'),'dogdog',PARSEDATETIME('2011-07-22-13.46.36.162','yyyy-MM-dd-HH.mm.ss.SSS'),'dogdog',0);
Insert into PCKM_SEASON_WEEK (SEASON_WEEK_ID,SEASON_ID,WEEK_NUMBER,BEGIN_DATE,END_DATE,LAST_UPDATE_DATE,LAST_UPDATE_USER,CREATE_DATE,CREATE_USER,SYS_MOD_COUNT) values (14,1,13,PARSEDATETIME('2011-11-24','yyyy-MM-dd'),PARSEDATETIME('2011-11-30','yyyy-MM-dd'),PARSEDATETIME('2011-07-22-13.46.58.844','yyyy-MM-dd-HH.mm.ss.SSS'),'dogdog',PARSEDATETIME('2011-07-22-13.46.58.844','yyyy-MM-dd-HH.mm.ss.SSS'),'dogdog',0);
Insert into PCKM_SEASON_WEEK (SEASON_WEEK_ID,SEASON_ID,WEEK_NUMBER,BEGIN_DATE,END_DATE,LAST_UPDATE_DATE,LAST_UPDATE_USER,CREATE_DATE,CREATE_USER,SYS_MOD_COUNT) values (15,1,14,PARSEDATETIME('2011-12-01','yyyy-MM-dd'),PARSEDATETIME('2011-12-07','yyyy-MM-dd'),PARSEDATETIME('2011-07-22-13.47.31.417','yyyy-MM-dd-HH.mm.ss.SSS'),'dogdog',PARSEDATETIME('2011-07-22-13.47.31.417','yyyy-MM-dd-HH.mm.ss.SSS'),'dogdog',0);
Insert into PCKM_SEASON_WEEK (SEASON_WEEK_ID,SEASON_ID,WEEK_NUMBER,BEGIN_DATE,END_DATE,LAST_UPDATE_DATE,LAST_UPDATE_USER,CREATE_DATE,CREATE_USER,SYS_MOD_COUNT) values (16,1,15,PARSEDATETIME('2011-12-08','yyyy-MM-dd'),PARSEDATETIME('2011-12-14','yyyy-MM-dd'),PARSEDATETIME('2011-07-22-13.48.03.163','yyyy-MM-dd-HH.mm.ss.SSS'),'dogdog',PARSEDATETIME('2011-07-22-13.48.03.163','yyyy-MM-dd-HH.mm.ss.SSS'),'dogdog',0);

--REM INSERTING into PCKM_VENUE
Insert into PCKM_VENUE (VENUE_ID,VENUE_NAME,CITY_STATE,LAST_UPDATE_DATE,LAST_UPDATE_USER,CREATE_DATE,CREATE_USER,SYS_MOD_COUNT) values (1,'Bryant-Denny Stadium','Tuscaloosa, AL',PARSEDATETIME('2011-07-20-08.42.40.213','yyyy-MM-dd-HH.mm.ss.SSS'),'dogdog',PARSEDATETIME('2011-07-20-08.42.40.213','yyyy-MM-dd-HH.mm.ss.SSS'),'dogdog',0);
Insert into PCKM_VENUE (VENUE_ID,VENUE_NAME,CITY_STATE,LAST_UPDATE_DATE,LAST_UPDATE_USER,CREATE_DATE,CREATE_USER,SYS_MOD_COUNT) values (2,'Beaver Stadium','University Park, PA',PARSEDATETIME('2011-07-20-08.43.03.971','yyyy-MM-dd-HH.mm.ss.SSS'),'dogdog',PARSEDATETIME('2011-07-20-08.43.03.971','yyyy-MM-dd-HH.mm.ss.SSS'),'dogdog',0);
Insert into PCKM_VENUE (VENUE_ID,VENUE_NAME,CITY_STATE,LAST_UPDATE_DATE,LAST_UPDATE_USER,CREATE_DATE,CREATE_USER,SYS_MOD_COUNT) values (3,'Ben Hill Griffin Stadium','Gainesville, FL',PARSEDATETIME('2011-07-20-08.43.36.263','yyyy-MM-dd-HH.mm.ss.SSS'),'dogdog',PARSEDATETIME('2011-07-20-08.43.36.263','yyyy-MM-dd-HH.mm.ss.SSS'),'dogdog',0);
Insert into PCKM_VENUE (VENUE_ID,VENUE_NAME,CITY_STATE,LAST_UPDATE_DATE,LAST_UPDATE_USER,CREATE_DATE,CREATE_USER,SYS_MOD_COUNT) values (4,'Vaught-Hemingway Stadium','Oxford, MS',PARSEDATETIME('2011-07-20-08.44.10.053','yyyy-MM-dd-HH.mm.ss.SSS'),'dogdog',PARSEDATETIME('2011-07-20-08.44.10.053','yyyy-MM-dd-HH.mm.ss.SSS'),'dogdog',0);
Insert into PCKM_VENUE (VENUE_ID,VENUE_NAME,CITY_STATE,LAST_UPDATE_DATE,LAST_UPDATE_USER,CREATE_DATE,CREATE_USER,SYS_MOD_COUNT) values (5,'Davis Wade Stadium','Starkville, MS',PARSEDATETIME('2011-07-20-08.44.42.844','yyyy-MM-dd-HH.mm.ss.SSS'),'dogdog',PARSEDATETIME('2011-07-20-08.44.42.844','yyyy-MM-dd-HH.mm.ss.SSS'),'dogdog',0);
Insert into PCKM_VENUE (VENUE_ID,VENUE_NAME,CITY_STATE,LAST_UPDATE_DATE,LAST_UPDATE_USER,CREATE_DATE,CREATE_USER,SYS_MOD_COUNT) values (6,'Jordan-Hare Stadium','Auburn, AL',PARSEDATETIME('2011-07-20-08.45.05.402','yyyy-MM-dd-HH.mm.ss.SSS'),'dogdog',PARSEDATETIME('2011-07-20-08.45.05.402','yyyy-MM-dd-HH.mm.ss.SSS'),'dogdog',0);
Insert into PCKM_VENUE (VENUE_ID,VENUE_NAME,CITY_STATE,LAST_UPDATE_DATE,LAST_UPDATE_USER,CREATE_DATE,CREATE_USER,SYS_MOD_COUNT) values (7,'Donald W. Reynolds Razorback Stadium','Fayetteville, AR',PARSEDATETIME('2011-07-20-08.46.44.867','yyyy-MM-dd-HH.mm.ss.SSS'),'dogdog',PARSEDATETIME('2011-07-20-08.46.44.867','yyyy-MM-dd-HH.mm.ss.SSS'),'dogdog',0);
Insert into PCKM_VENUE (VENUE_ID,VENUE_NAME,CITY_STATE,LAST_UPDATE_DATE,LAST_UPDATE_USER,CREATE_DATE,CREATE_USER,SYS_MOD_COUNT) values (8,'War Memorial Stadium','Little Rock, AR',PARSEDATETIME('2011-07-20-08.47.06.021','yyyy-MM-dd-HH.mm.ss.SSS'),'dogdog',PARSEDATETIME('2011-07-20-08.47.06.021','yyyy-MM-dd-HH.mm.ss.SSS'),'dogdog',0);
Insert into PCKM_VENUE (VENUE_ID,VENUE_NAME,CITY_STATE,LAST_UPDATE_DATE,LAST_UPDATE_USER,CREATE_DATE,CREATE_USER,SYS_MOD_COUNT) values (9,'Cowboys Stadium','Arlington, TX',PARSEDATETIME('2011-07-20-08.47.27.580','yyyy-MM-dd-HH.mm.ss.SSS'),'dogdog',PARSEDATETIME('2011-07-20-08.47.27.580','yyyy-MM-dd-HH.mm.ss.SSS'),'dogdog',0);
Insert into PCKM_VENUE (VENUE_ID,VENUE_NAME,CITY_STATE,LAST_UPDATE_DATE,LAST_UPDATE_USER,CREATE_DATE,CREATE_USER,SYS_MOD_COUNT) values (10,'Vanderbilt Stadium','Nashville, TN',PARSEDATETIME('2011-07-20-08.47.49.030','yyyy-MM-dd-HH.mm.ss.SSS'),'dogdog',PARSEDATETIME('2011-07-20-08.47.49.030','yyyy-MM-dd-HH.mm.ss.SSS'),'dogdog',0);
Insert into PCKM_VENUE (VENUE_ID,VENUE_NAME,CITY_STATE,LAST_UPDATE_DATE,LAST_UPDATE_USER,CREATE_DATE,CREATE_USER,SYS_MOD_COUNT) values (11,'Tiger Stadium','Baton Rouge, LA',PARSEDATETIME('2011-07-20-08.48.16.018','yyyy-MM-dd-HH.mm.ss.SSS'),'dogdog',PARSEDATETIME('2011-07-20-08.48.16.018','yyyy-MM-dd-HH.mm.ss.SSS'),'dogdog',0);
Insert into PCKM_VENUE (VENUE_ID,VENUE_NAME,CITY_STATE,LAST_UPDATE_DATE,LAST_UPDATE_USER,CREATE_DATE,CREATE_USER,SYS_MOD_COUNT) values (12,'Memorial Stadium','Clemson, SC',PARSEDATETIME('2011-07-20-08.48.51.165','yyyy-MM-dd-HH.mm.ss.SSS'),'dogdog',PARSEDATETIME('2011-07-20-08.48.51.165','yyyy-MM-dd-HH.mm.ss.SSS'),'dogdog',0);
Insert into PCKM_VENUE (VENUE_ID,VENUE_NAME,CITY_STATE,LAST_UPDATE_DATE,LAST_UPDATE_USER,CREATE_DATE,CREATE_USER,SYS_MOD_COUNT) values (13,'Williams-Brice Stadium','Columbia, SC',PARSEDATETIME('2011-07-20-08.49.16.562','yyyy-MM-dd-HH.mm.ss.SSS'),'dogdog',PARSEDATETIME('2011-07-20-08.49.16.562','yyyy-MM-dd-HH.mm.ss.SSS'),'dogdog',0);
Insert into PCKM_VENUE (VENUE_ID,VENUE_NAME,CITY_STATE,LAST_UPDATE_DATE,LAST_UPDATE_USER,CREATE_DATE,CREATE_USER,SYS_MOD_COUNT) values (14,'Sanford Stadium','Athens, GA',PARSEDATETIME('2011-07-20-08.49.39.603','yyyy-MM-dd-HH.mm.ss.SSS'),'dogdog',PARSEDATETIME('2011-07-20-08.49.39.603','yyyy-MM-dd-HH.mm.ss.SSS'),'dogdog',0);
Insert into PCKM_VENUE (VENUE_ID,VENUE_NAME,CITY_STATE,LAST_UPDATE_DATE,LAST_UPDATE_USER,CREATE_DATE,CREATE_USER,SYS_MOD_COUNT) values (15,'Commonwealth Stadium','Lexington, KY',PARSEDATETIME('2011-07-20-08.50.14.609','yyyy-MM-dd-HH.mm.ss.SSS'),'dogdog',PARSEDATETIME('2011-07-20-08.50.14.609','yyyy-MM-dd-HH.mm.ss.SSS'),'dogdog',0);
Insert into PCKM_VENUE (VENUE_ID,VENUE_NAME,CITY_STATE,LAST_UPDATE_DATE,LAST_UPDATE_USER,CREATE_DATE,CREATE_USER,SYS_MOD_COUNT) values (16,'EverBank Field','Jacksonville, FL',PARSEDATETIME('2011-07-20-08.50.36.371','yyyy-MM-dd-HH.mm.ss.SSS'),'dogdog',PARSEDATETIME('2011-07-20-08.50.36.371','yyyy-MM-dd-HH.mm.ss.SSS'),'dogdog',0);
Insert into PCKM_VENUE (VENUE_ID,VENUE_NAME,CITY_STATE,LAST_UPDATE_DATE,LAST_UPDATE_USER,CREATE_DATE,CREATE_USER,SYS_MOD_COUNT) values (17,'Georgia Dome','Atlanta, GA',PARSEDATETIME('2011-07-20-08.51.01.503','yyyy-MM-dd-HH.mm.ss.SSS'),'dogdog',PARSEDATETIME('2011-07-20-08.51.01.503','yyyy-MM-dd-HH.mm.ss.SSS'),'dogdog',0);
Insert into PCKM_VENUE (VENUE_ID,VENUE_NAME,CITY_STATE,LAST_UPDATE_DATE,LAST_UPDATE_USER,CREATE_DATE,CREATE_USER,SYS_MOD_COUNT) values (18,'Neyland Stadium','Knoxville, TN',PARSEDATETIME('2011-07-20-08.51.25.433','yyyy-MM-dd-HH.mm.ss.SSS'),'dogdog',PARSEDATETIME('2011-07-20-08.51.25.433','yyyy-MM-dd-HH.mm.ss.SSS'),'dogdog',0);
Insert into PCKM_VENUE (VENUE_ID,VENUE_NAME,CITY_STATE,LAST_UPDATE_DATE,LAST_UPDATE_USER,CREATE_DATE,CREATE_USER,SYS_MOD_COUNT) values (19,'Bobby Dodd Stadium','Atlanta, GA',PARSEDATETIME('2011-07-20-08.51.53.264','yyyy-MM-dd-HH.mm.ss.SSS'),'dogdog',PARSEDATETIME('2011-07-20-08.51.53.264','yyyy-MM-dd-HH.mm.ss.SSS'),'dogdog',0);
Insert into PCKM_VENUE (VENUE_ID,VENUE_NAME,CITY_STATE,LAST_UPDATE_DATE,LAST_UPDATE_USER,CREATE_DATE,CREATE_USER,SYS_MOD_COUNT) values (20,'LP Field','Nashville, TN',PARSEDATETIME('2011-07-20-08.52.20.579','yyyy-MM-dd-HH.mm.ss.SSS'),'dogdog',PARSEDATETIME('2011-07-20-08.52.20.579','yyyy-MM-dd-HH.mm.ss.SSS'),'dogdog',0);
Insert into PCKM_VENUE (VENUE_ID,VENUE_NAME,CITY_STATE,LAST_UPDATE_DATE,LAST_UPDATE_USER,CREATE_DATE,CREATE_USER,SYS_MOD_COUNT) values (21,'Mountaineer Field','Morgantown, WV',PARSEDATETIME('2011-07-20-08.53.20.827','yyyy-MM-dd-HH.mm.ss.SSS'),'dogdog',PARSEDATETIME('2011-07-20-08.53.20.827','yyyy-MM-dd-HH.mm.ss.SSS'),'dogdog',0);
Insert into PCKM_VENUE (VENUE_ID,VENUE_NAME,CITY_STATE,LAST_UPDATE_DATE,LAST_UPDATE_USER,CREATE_DATE,CREATE_USER,SYS_MOD_COUNT) values (22,'Liberty Bowl Stadium','Memphis, TN',PARSEDATETIME('2011-07-20-08.53.59.437','yyyy-MM-dd-HH.mm.ss.SSS'),'dogdog',PARSEDATETIME('2011-07-20-08.53.59.437','yyyy-MM-dd-HH.mm.ss.SSS'),'dogdog',0);
Insert into PCKM_VENUE (VENUE_ID,VENUE_NAME,CITY_STATE,LAST_UPDATE_DATE,LAST_UPDATE_USER,CREATE_DATE,CREATE_USER,SYS_MOD_COUNT) values (23,'Legion Field','Birmingham, AL',PARSEDATETIME('2011-07-20-08.54.26.674','yyyy-MM-dd-HH.mm.ss.SSS'),'dogdog',PARSEDATETIME('2011-07-20-08.54.26.674','yyyy-MM-dd-HH.mm.ss.SSS'),'dogdog',0);
Insert into PCKM_VENUE (VENUE_ID,VENUE_NAME,CITY_STATE,LAST_UPDATE_DATE,LAST_UPDATE_USER,CREATE_DATE,CREATE_USER,SYS_MOD_COUNT) values (24,'Bulldog Stadium','Fresno, CA',PARSEDATETIME('2011-07-20-08.54.55.207','yyyy-MM-dd-HH.mm.ss.SSS'),'dogdog',PARSEDATETIME('2011-07-20-08.54.55.207','yyyy-MM-dd-HH.mm.ss.SSS'),'dogdog',0);
Insert into PCKM_VENUE (VENUE_ID,VENUE_NAME,CITY_STATE,LAST_UPDATE_DATE,LAST_UPDATE_USER,CREATE_DATE,CREATE_USER,SYS_MOD_COUNT) values (25,'Bank of America Stadium','Charlotte, NC',PARSEDATETIME('2011-07-20-08.55.31.648','yyyy-MM-dd-HH.mm.ss.SSS'),'dogdog',PARSEDATETIME('2011-07-20-08.55.31.648','yyyy-MM-dd-HH.mm.ss.SSS'),'dogdog',0);
Insert into PCKM_VENUE (VENUE_ID,VENUE_NAME,CITY_STATE,LAST_UPDATE_DATE,LAST_UPDATE_USER,CREATE_DATE,CREATE_USER,SYS_MOD_COUNT) values (27,'BB\&T Field','Winston-Salem, NC',PARSEDATETIME('2011-07-20-09.44.41.771','yyyy-MM-dd-HH.mm.ss.SSS'),'dogdog',PARSEDATETIME('2011-07-20-09.44.41.771','yyyy-MM-dd-HH.mm.ss.SSS'),'dogdog',0);
Insert into PCKM_VENUE (VENUE_ID,VENUE_NAME,CITY_STATE,LAST_UPDATE_DATE,LAST_UPDATE_USER,CREATE_DATE,CREATE_USER,SYS_MOD_COUNT) values (28,'Michie Stadium','West Point, NY',PARSEDATETIME('2011-07-20-10.42.44.736','yyyy-MM-dd-HH.mm.ss.SSS'),'dogdog',PARSEDATETIME('2011-07-20-10.42.44.736','yyyy-MM-dd-HH.mm.ss.SSS'),'dogdog',0);
Insert into PCKM_VENUE (VENUE_ID,VENUE_NAME,CITY_STATE,LAST_UPDATE_DATE,LAST_UPDATE_USER,CREATE_DATE,CREATE_USER,SYS_MOD_COUNT) values (29,'LaVell Edwards Stadium','Provo, UT',PARSEDATETIME('2011-07-20-10.44.39.740','yyyy-MM-dd-HH.mm.ss.SSS'),'dogdog',PARSEDATETIME('2011-07-20-10.44.39.740','yyyy-MM-dd-HH.mm.ss.SSS'),'dogdog',0);
Insert into PCKM_VENUE (VENUE_ID,VENUE_NAME,CITY_STATE,LAST_UPDATE_DATE,LAST_UPDATE_USER,CREATE_DATE,CREATE_USER,SYS_MOD_COUNT) values (30,'Bronco Stadium','Boise, ID',PARSEDATETIME('2011-07-20-11.04.03.146','yyyy-MM-dd-HH.mm.ss.SSS'),'dogdog',PARSEDATETIME('2011-07-20-11.04.03.146','yyyy-MM-dd-HH.mm.ss.SSS'),'dogdog',0);
Insert into PCKM_VENUE (VENUE_ID,VENUE_NAME,CITY_STATE,LAST_UPDATE_DATE,LAST_UPDATE_USER,CREATE_DATE,CREATE_USER,SYS_MOD_COUNT) values (31,'University at Buffalo Stadium','Amherst, NY',PARSEDATETIME('2011-07-20-11.08.06.833','yyyy-MM-dd-HH.mm.ss.SSS'),'dogdog',PARSEDATETIME('2011-07-20-11.08.06.833','yyyy-MM-dd-HH.mm.ss.SSS'),'dogdog',0);
Insert into PCKM_VENUE (VENUE_ID,VENUE_NAME,CITY_STATE,LAST_UPDATE_DATE,LAST_UPDATE_USER,CREATE_DATE,CREATE_USER,SYS_MOD_COUNT) values (32,'Kelly/Shorts Stadium','Mount Pleasant, MI',PARSEDATETIME('2011-07-20-11.10.27.608','yyyy-MM-dd-HH.mm.ss.SSS'),'dogdog',PARSEDATETIME('2011-07-20-11.10.27.608','yyyy-MM-dd-HH.mm.ss.SSS'),'dogdog',0);
Insert into PCKM_VENUE (VENUE_ID,VENUE_NAME,CITY_STATE,LAST_UPDATE_DATE,LAST_UPDATE_USER,CREATE_DATE,CREATE_USER,SYS_MOD_COUNT) values (33,'Nippert Stadium','Cincinnati, OH',PARSEDATETIME('2011-07-20-11.11.45.108','yyyy-MM-dd-HH.mm.ss.SSS'),'dogdog',PARSEDATETIME('2011-07-20-11.11.45.108','yyyy-MM-dd-HH.mm.ss.SSS'),'dogdog',0);
Insert into PCKM_VENUE (VENUE_ID,VENUE_NAME,CITY_STATE,LAST_UPDATE_DATE,LAST_UPDATE_USER,CREATE_DATE,CREATE_USER,SYS_MOD_COUNT) values (34,'Brooks Stadium','Conway, SC',PARSEDATETIME('2011-07-20-11.14.32.340','yyyy-MM-dd-HH.mm.ss.SSS'),'dogdog',PARSEDATETIME('2011-07-20-11.14.32.340','yyyy-MM-dd-HH.mm.ss.SSS'),'dogdog',0);
Insert into PCKM_VENUE (VENUE_ID,VENUE_NAME,CITY_STATE,LAST_UPDATE_DATE,LAST_UPDATE_USER,CREATE_DATE,CREATE_USER,SYS_MOD_COUNT) values (35,'Dix Stadium','Kent, OH',PARSEDATETIME('2011-07-20-11.16.30.370','yyyy-MM-dd-HH.mm.ss.SSS'),'dogdog',PARSEDATETIME('2011-07-20-11.16.30.370','yyyy-MM-dd-HH.mm.ss.SSS'),'dogdog',0);
Insert into PCKM_VENUE (VENUE_ID,VENUE_NAME,CITY_STATE,LAST_UPDATE_DATE,LAST_UPDATE_USER,CREATE_DATE,CREATE_USER,SYS_MOD_COUNT) values (36,'Mean Green Stadium','Denton, TX',PARSEDATETIME('2011-07-20-11.17.05.376','yyyy-MM-dd-HH.mm.ss.SSS'),'dogdog',PARSEDATETIME('2011-07-20-11.17.05.376','yyyy-MM-dd-HH.mm.ss.SSS'),'dogdog',0);
Insert into PCKM_VENUE (VENUE_ID,VENUE_NAME,CITY_STATE,LAST_UPDATE_DATE,LAST_UPDATE_USER,CREATE_DATE,CREATE_USER,SYS_MOD_COUNT) values (37,'Paulson Stadium','Statesboro, GA',PARSEDATETIME('2011-07-20-11.17.43.144','yyyy-MM-dd-HH.mm.ss.SSS'),'dogdog',PARSEDATETIME('2011-07-20-11.17.43.144','yyyy-MM-dd-HH.mm.ss.SSS'),'dogdog',0);
Insert into PCKM_VENUE (VENUE_ID,VENUE_NAME,CITY_STATE,LAST_UPDATE_DATE,LAST_UPDATE_USER,CREATE_DATE,CREATE_USER,SYS_MOD_COUNT) values (38,'Plaster Sports Complex','Springfield, MO',PARSEDATETIME('2011-07-20-11.21.27.815','yyyy-MM-dd-HH.mm.ss.SSS'),'dogdog',PARSEDATETIME('2011-07-20-11.21.27.815','yyyy-MM-dd-HH.mm.ss.SSS'),'dogdog',0);
Insert into PCKM_VENUE (VENUE_ID,VENUE_NAME,CITY_STATE,LAST_UPDATE_DATE,LAST_UPDATE_USER,CREATE_DATE,CREATE_USER,SYS_MOD_COUNT) values (39,'University Stadium','Albuquerque, NM',PARSEDATETIME('2011-07-20-11.22.24.849','yyyy-MM-dd-HH.mm.ss.SSS'),'dogdog',PARSEDATETIME('2011-07-20-11.22.24.849','yyyy-MM-dd-HH.mm.ss.SSS'),'dogdog',0);
Insert into PCKM_VENUE (VENUE_ID,VENUE_NAME,CITY_STATE,LAST_UPDATE_DATE,LAST_UPDATE_USER,CREATE_DATE,CREATE_USER,SYS_MOD_COUNT) values (40,'Veterans Memorial Stadium','Troy, AL',PARSEDATETIME('2011-07-20-11.23.39.682','yyyy-MM-dd-HH.mm.ss.SSS'),'dogdog',PARSEDATETIME('2011-07-20-11.23.39.682','yyyy-MM-dd-HH.mm.ss.SSS'),'dogdog',0);
Insert into PCKM_VENUE (VENUE_ID,VENUE_NAME,CITY_STATE,LAST_UPDATE_DATE,LAST_UPDATE_USER,CREATE_DATE,CREATE_USER,SYS_MOD_COUNT) values (41,'Kyle Field','College Station, TX',PARSEDATETIME('2011-07-20-11.26.51.000','yyyy-MM-dd-HH.mm.ss.SSS'),'dogdog',PARSEDATETIME('2011-07-20-11.26.51.000','yyyy-MM-dd-HH.mm.ss.SSS'),'dogdog',0);
Insert into PCKM_VENUE (VENUE_ID,VENUE_NAME,CITY_STATE,LAST_UPDATE_DATE,LAST_UPDATE_USER,CREATE_DATE,CREATE_USER,SYS_MOD_COUNT) values (42,'Romney Stadium','Logan, UT',PARSEDATETIME('2011-07-20-11.28.02.667','yyyy-MM-dd-HH.mm.ss.SSS'),'dogdog',PARSEDATETIME('2011-07-20-11.28.02.667','yyyy-MM-dd-HH.mm.ss.SSS'),'dogdog',0);
Insert into PCKM_VENUE (VENUE_ID,VENUE_NAME,CITY_STATE,LAST_UPDATE_DATE,LAST_UPDATE_USER,CREATE_DATE,CREATE_USER,SYS_MOD_COUNT) values (43,'FAU Football Stadium','Boca Raton, FL',PARSEDATETIME('2011-07-20-11.28.49.997','yyyy-MM-dd-HH.mm.ss.SSS'),'dogdog',PARSEDATETIME('2011-07-20-11.28.49.997','yyyy-MM-dd-HH.mm.ss.SSS'),'dogdog',0);
Insert into PCKM_VENUE (VENUE_ID,VENUE_NAME,CITY_STATE,LAST_UPDATE_DATE,LAST_UPDATE_USER,CREATE_DATE,CREATE_USER,SYS_MOD_COUNT) values (44,'Seibert Stadium','Homewood, AL',PARSEDATETIME('2011-07-20-11.29.42.741','yyyy-MM-dd-HH.mm.ss.SSS'),'dogdog',PARSEDATETIME('2011-07-20-11.29.42.741','yyyy-MM-dd-HH.mm.ss.SSS'),'dogdog',0);
Insert into PCKM_VENUE (VENUE_ID,VENUE_NAME,CITY_STATE,LAST_UPDATE_DATE,LAST_UPDATE_USER,CREATE_DATE,CREATE_USER,SYS_MOD_COUNT) values (45,'Paladin Stadium','Greenville, SC',PARSEDATETIME('2011-07-20-11.30.39.540','yyyy-MM-dd-HH.mm.ss.SSS'),'dogdog',PARSEDATETIME('2011-07-20-11.30.39.540','yyyy-MM-dd-HH.mm.ss.SSS'),'dogdog',0);
Insert into PCKM_VENUE (VENUE_ID,VENUE_NAME,CITY_STATE,LAST_UPDATE_DATE,LAST_UPDATE_USER,CREATE_DATE,CREATE_USER,SYS_MOD_COUNT) values (46,'Doak Campbell Stadium','Tallahassee, FL',PARSEDATETIME('2011-07-20-11.31.21.614','yyyy-MM-dd-HH.mm.ss.SSS'),'dogdog',PARSEDATETIME('2011-07-20-11.31.21.614','yyyy-MM-dd-HH.mm.ss.SSS'),'dogdog',0);
Insert into PCKM_VENUE (VENUE_ID,VENUE_NAME,CITY_STATE,LAST_UPDATE_DATE,LAST_UPDATE_USER,CREATE_DATE,CREATE_USER,SYS_MOD_COUNT) values (47,'Aggie Memorial Stadium','Las Cruces, NM',PARSEDATETIME('2011-07-20-11.32.16.323','yyyy-MM-dd-HH.mm.ss.SSS'),'dogdog',PARSEDATETIME('2011-07-20-11.32.16.323','yyyy-MM-dd-HH.mm.ss.SSS'),'dogdog',0);
Insert into PCKM_VENUE (VENUE_ID,VENUE_NAME,CITY_STATE,LAST_UPDATE_DATE,LAST_UPDATE_USER,CREATE_DATE,CREATE_USER,SYS_MOD_COUNT) values (48,'Houchens Industries - L. T. Smith Stadium','Bowling Green, KY',PARSEDATETIME('2011-07-20-11.33.36.990','yyyy-MM-dd-HH.mm.ss.SSS'),'dogdog',PARSEDATETIME('2011-07-20-11.33.17.475','yyyy-MM-dd-HH.mm.ss.SSS'),'dogdog',1);
Insert into PCKM_VENUE (VENUE_ID,VENUE_NAME,CITY_STATE,LAST_UPDATE_DATE,LAST_UPDATE_USER,CREATE_DATE,CREATE_USER,SYS_MOD_COUNT) values (49,'Papa John''s Cardinal Stadium','Louisville, KY',PARSEDATETIME('2011-07-20-11.34.19.142','yyyy-MM-dd-HH.mm.ss.SSS'),'dogdog',PARSEDATETIME('2011-07-20-11.34.19.142','yyyy-MM-dd-HH.mm.ss.SSS'),'dogdog',0);
Insert into PCKM_VENUE (VENUE_ID,VENUE_NAME,CITY_STATE,LAST_UPDATE_DATE,LAST_UPDATE_USER,CREATE_DATE,CREATE_USER,SYS_MOD_COUNT) values (50,'JSU Stadium','Jacksonville, AL',PARSEDATETIME('2011-07-20-11.34.53.805','yyyy-MM-dd-HH.mm.ss.SSS'),'dogdog',PARSEDATETIME('2011-07-20-11.34.53.805','yyyy-MM-dd-HH.mm.ss.SSS'),'dogdog',0);
Insert into PCKM_VENUE (VENUE_ID,VENUE_NAME,CITY_STATE,LAST_UPDATE_DATE,LAST_UPDATE_USER,CREATE_DATE,CREATE_USER,SYS_MOD_COUNT) values (51,'Autzen Stadium','Eugene, OR',PARSEDATETIME('2011-07-20-11.35.32.540','yyyy-MM-dd-HH.mm.ss.SSS'),'dogdog',PARSEDATETIME('2011-07-20-11.35.32.540','yyyy-MM-dd-HH.mm.ss.SSS'),'dogdog',0);
Insert into PCKM_VENUE (VENUE_ID,VENUE_NAME,CITY_STATE,LAST_UPDATE_DATE,LAST_UPDATE_USER,CREATE_DATE,CREATE_USER,SYS_MOD_COUNT) values (52,'Harry Turpin Stadium','Natchitoches, LA',PARSEDATETIME('2011-07-20-11.36.09.808','yyyy-MM-dd-HH.mm.ss.SSS'),'dogdog',PARSEDATETIME('2011-07-20-11.36.09.808','yyyy-MM-dd-HH.mm.ss.SSS'),'dogdog',0);
Insert into PCKM_VENUE (VENUE_ID,VENUE_NAME,CITY_STATE,LAST_UPDATE_DATE,LAST_UPDATE_USER,CREATE_DATE,CREATE_USER,SYS_MOD_COUNT) values (53,'Joe Aillet Stadium','Ruston, LA',PARSEDATETIME('2011-07-20-11.37.27.465','yyyy-MM-dd-HH.mm.ss.SSS'),'dogdog',PARSEDATETIME('2011-07-20-11.37.27.465','yyyy-MM-dd-HH.mm.ss.SSS'),'dogdog',0);
Insert into PCKM_VENUE (VENUE_ID,VENUE_NAME,CITY_STATE,LAST_UPDATE_DATE,LAST_UPDATE_USER,CREATE_DATE,CREATE_USER,SYS_MOD_COUNT) values (54,'Graham Stadium','Martin, TN',PARSEDATETIME('2011-07-20-11.37.59.367','yyyy-MM-dd-HH.mm.ss.SSS'),'dogdog',PARSEDATETIME('2011-07-20-11.37.59.367','yyyy-MM-dd-HH.mm.ss.SSS'),'dogdog',0);
Insert into PCKM_VENUE (VENUE_ID,VENUE_NAME,CITY_STATE,LAST_UPDATE_DATE,LAST_UPDATE_USER,CREATE_DATE,CREATE_USER,SYS_MOD_COUNT) values (55,'Saluki Stadium','Carbondale, IL',PARSEDATETIME('2011-07-20-11.38.52.110','yyyy-MM-dd-HH.mm.ss.SSS'),'dogdog',PARSEDATETIME('2011-07-20-11.38.52.110','yyyy-MM-dd-HH.mm.ss.SSS'),'dogdog',0);
Insert into PCKM_VENUE (VENUE_ID,VENUE_NAME,CITY_STATE,LAST_UPDATE_DATE,LAST_UPDATE_USER,CREATE_DATE,CREATE_USER,SYS_MOD_COUNT) values (56,'Dowdy-Ficklen Stadium','Greenville, NC',PARSEDATETIME('2011-07-20-11.40.08.067','yyyy-MM-dd-HH.mm.ss.SSS'),'dogdog',PARSEDATETIME('2011-07-20-11.40.08.067','yyyy-MM-dd-HH.mm.ss.SSS'),'dogdog',0);
Insert into PCKM_VENUE (VENUE_ID,VENUE_NAME,CITY_STATE,LAST_UPDATE_DATE,LAST_UPDATE_USER,CREATE_DATE,CREATE_USER,SYS_MOD_COUNT) values (57,'Navy - Marine Corps Memorial Stadium','Annappolis, MD',PARSEDATETIME('2011-07-20-11.40.48.908','yyyy-MM-dd-HH.mm.ss.SSS'),'dogdog',PARSEDATETIME('2011-07-20-11.40.48.908','yyyy-MM-dd-HH.mm.ss.SSS'),'dogdog',0);
Insert into PCKM_VENUE (VENUE_ID,VENUE_NAME,CITY_STATE,LAST_UPDATE_DATE,LAST_UPDATE_USER,CREATE_DATE,CREATE_USER,SYS_MOD_COUNT) values (58,'Johnson Hagood Stadium','Charleston, SC',PARSEDATETIME('2011-07-20-11.41.31.714','yyyy-MM-dd-HH.mm.ss.SSS'),'dogdog',PARSEDATETIME('2011-07-20-11.41.31.714','yyyy-MM-dd-HH.mm.ss.SSS'),'dogdog',0);
Insert into PCKM_VENUE (VENUE_ID,VENUE_NAME,CITY_STATE,LAST_UPDATE_DATE,LAST_UPDATE_USER,CREATE_DATE,CREATE_USER,SYS_MOD_COUNT) values (59,'Washington-Grizzly Stadium','Missoula, MT',PARSEDATETIME('2011-07-20-11.42.18.483','yyyy-MM-dd-HH.mm.ss.SSS'),'dogdog',PARSEDATETIME('2011-07-20-11.42.18.483','yyyy-MM-dd-HH.mm.ss.SSS'),'dogdog',0);
Insert into PCKM_VENUE (VENUE_ID,VENUE_NAME,CITY_STATE,LAST_UPDATE_DATE,LAST_UPDATE_USER,CREATE_DATE,CREATE_USER,SYS_MOD_COUNT) values (60,'Johnny "Red" Floyd Stadium','Murfreesboro, TN',PARSEDATETIME('2011-07-20-11.43.22.817','yyyy-MM-dd-HH.mm.ss.SSS'),'dogdog',PARSEDATETIME('2011-07-20-11.43.22.817','yyyy-MM-dd-HH.mm.ss.SSS'),'dogdog',0);
Insert into PCKM_VENUE (VENUE_ID,VENUE_NAME,CITY_STATE,LAST_UPDATE_DATE,LAST_UPDATE_USER,CREATE_DATE,CREATE_USER,SYS_MOD_COUNT) values (61,'Rhodes Stadium','Elon, NC',PARSEDATETIME('2011-07-20-11.43.59.477','yyyy-MM-dd-HH.mm.ss.SSS'),'dogdog',PARSEDATETIME('2011-07-20-11.43.59.477','yyyy-MM-dd-HH.mm.ss.SSS'),'dogdog',0);
Insert into PCKM_VENUE (VENUE_ID,VENUE_NAME,CITY_STATE,LAST_UPDATE_DATE,LAST_UPDATE_USER,CREATE_DATE,CREATE_USER,SYS_MOD_COUNT) values (62,'Rentschler Field','East Hartford, CT',PARSEDATETIME('2011-07-20-11.44.42.767','yyyy-MM-dd-HH.mm.ss.SSS'),'dogdog',PARSEDATETIME('2011-07-20-11.44.42.767','yyyy-MM-dd-HH.mm.ss.SSS'),'dogdog',0);

--REM INSERTING into PCKM_TEAM
Insert into PCKM_TEAM (TEAM_ID,TEAM_NAME,SQUAD_NAME,CONFERENCE_MEMBER,LAST_UPDATE_DATE,LAST_UPDATE_USER,CREATE_DATE,CREATE_USER,SYS_MOD_COUNT,HOME_VENUE_ID) values (21,'Utah State','Aggies','N',PARSEDATETIME('2011-07-20-12.04.10.146','yyyy-MM-dd-HH.mm.ss.SSS'),'dogdog',PARSEDATETIME('2011-07-15-13.27.38.413','yyyy-MM-dd-HH.mm.ss.SSS'),'dogdog',1,42);
Insert into PCKM_TEAM (TEAM_ID,TEAM_NAME,SQUAD_NAME,CONFERENCE_MEMBER,LAST_UPDATE_DATE,LAST_UPDATE_USER,CREATE_DATE,CREATE_USER,SYS_MOD_COUNT,HOME_VENUE_ID) values (22,'Clemson','Tigers','N',PARSEDATETIME('2011-07-20-11.13.00.503','yyyy-MM-dd-HH.mm.ss.SSS'),'dogdog',PARSEDATETIME('2011-07-15-13.28.03.669','yyyy-MM-dd-HH.mm.ss.SSS'),'dogdog',1,12);
Insert into PCKM_TEAM (TEAM_ID,TEAM_NAME,SQUAD_NAME,CONFERENCE_MEMBER,LAST_UPDATE_DATE,LAST_UPDATE_USER,CREATE_DATE,CREATE_USER,SYS_MOD_COUNT,HOME_VENUE_ID) values (23,'Florida Atlantic','Owls','N',PARSEDATETIME('2011-07-20-11.49.34.940','yyyy-MM-dd-HH.mm.ss.SSS'),'dogdog',PARSEDATETIME('2011-07-15-13.28.30.860','yyyy-MM-dd-HH.mm.ss.SSS'),'dogdog',1,43);
Insert into PCKM_TEAM (TEAM_ID,TEAM_NAME,SQUAD_NAME,CONFERENCE_MEMBER,LAST_UPDATE_DATE,LAST_UPDATE_USER,CREATE_DATE,CREATE_USER,SYS_MOD_COUNT,HOME_VENUE_ID) values (24,'Samford','Bulldogs','N',PARSEDATETIME('2011-07-20-11.59.49.205','yyyy-MM-dd-HH.mm.ss.SSS'),'dogdog',PARSEDATETIME('2011-07-15-13.30.20.481','yyyy-MM-dd-HH.mm.ss.SSS'),'dogdog',1,44);
Insert into PCKM_TEAM (TEAM_ID,TEAM_NAME,SQUAD_NAME,CONFERENCE_MEMBER,LAST_UPDATE_DATE,LAST_UPDATE_USER,CREATE_DATE,CREATE_USER,SYS_MOD_COUNT,HOME_VENUE_ID) values (25,'UAB','Blazers','N',PARSEDATETIME('2011-07-20-12.03.18.713','yyyy-MM-dd-HH.mm.ss.SSS'),'dogdog',PARSEDATETIME('2011-07-15-13.31.12.585','yyyy-MM-dd-HH.mm.ss.SSS'),'dogdog',1,23);
Insert into PCKM_TEAM (TEAM_ID,TEAM_NAME,SQUAD_NAME,CONFERENCE_MEMBER,LAST_UPDATE_DATE,LAST_UPDATE_USER,CREATE_DATE,CREATE_USER,SYS_MOD_COUNT,HOME_VENUE_ID) values (26,'Furman','Paladins','N',PARSEDATETIME('2011-07-20-11.50.24.797','yyyy-MM-dd-HH.mm.ss.SSS'),'dogdog',PARSEDATETIME('2011-07-15-13.31.33.208','yyyy-MM-dd-HH.mm.ss.SSS'),'dogdog',1,45);
Insert into PCKM_TEAM (TEAM_ID,TEAM_NAME,SQUAD_NAME,CONFERENCE_MEMBER,LAST_UPDATE_DATE,LAST_UPDATE_USER,CREATE_DATE,CREATE_USER,SYS_MOD_COUNT,HOME_VENUE_ID) values (27,'Florida State','Seminoles','N',PARSEDATETIME('2011-07-20-11.49.48.995','yyyy-MM-dd-HH.mm.ss.SSS'),'dogdog',PARSEDATETIME('2011-07-15-13.32.00.399','yyyy-MM-dd-HH.mm.ss.SSS'),'dogdog',1,46);
Insert into PCKM_TEAM (TEAM_ID,TEAM_NAME,SQUAD_NAME,CONFERENCE_MEMBER,LAST_UPDATE_DATE,LAST_UPDATE_USER,CREATE_DATE,CREATE_USER,SYS_MOD_COUNT,HOME_VENUE_ID) values (28,'Boise State','Broncos','N',PARSEDATETIME('2011-07-20-11.04.28.605','yyyy-MM-dd-HH.mm.ss.SSS'),'dogdog',PARSEDATETIME('2011-07-15-13.32.32.878','yyyy-MM-dd-HH.mm.ss.SSS'),'dogdog',1,30);
Insert into PCKM_TEAM (TEAM_ID,TEAM_NAME,SQUAD_NAME,CONFERENCE_MEMBER,LAST_UPDATE_DATE,LAST_UPDATE_USER,CREATE_DATE,CREATE_USER,SYS_MOD_COUNT,HOME_VENUE_ID) values (29,'Coastal Carolina','Chanticleers','N',PARSEDATETIME('2011-07-20-11.14.49.906','yyyy-MM-dd-HH.mm.ss.SSS'),'dogdog',PARSEDATETIME('2011-07-15-13.33.07.479','yyyy-MM-dd-HH.mm.ss.SSS'),'dogdog',1,34);
Insert into PCKM_TEAM (TEAM_ID,TEAM_NAME,SQUAD_NAME,CONFERENCE_MEMBER,LAST_UPDATE_DATE,LAST_UPDATE_USER,CREATE_DATE,CREATE_USER,SYS_MOD_COUNT,HOME_VENUE_ID) values (30,'New Mexico State','Aggies','N',PARSEDATETIME('2011-07-20-11.58.00.036','yyyy-MM-dd-HH.mm.ss.SSS'),'dogdog',PARSEDATETIME('2011-07-15-13.33.39.943','yyyy-MM-dd-HH.mm.ss.SSS'),'dogdog',1,47);
Insert into PCKM_TEAM (TEAM_ID,TEAM_NAME,SQUAD_NAME,CONFERENCE_MEMBER,LAST_UPDATE_DATE,LAST_UPDATE_USER,CREATE_DATE,CREATE_USER,SYS_MOD_COUNT,HOME_VENUE_ID) values (31,'Georgia Tech','Yellow Jackets','N',PARSEDATETIME('2011-07-20-11.51.27.166','yyyy-MM-dd-HH.mm.ss.SSS'),'dogdog',PARSEDATETIME('2011-07-15-13.34.24.746','yyyy-MM-dd-HH.mm.ss.SSS'),'dogdog',1,19);
Insert into PCKM_TEAM (TEAM_ID,TEAM_NAME,SQUAD_NAME,CONFERENCE_MEMBER,LAST_UPDATE_DATE,LAST_UPDATE_USER,CREATE_DATE,CREATE_USER,SYS_MOD_COUNT,HOME_VENUE_ID) values (32,'Western Kentucky','Hilltoppers','N',PARSEDATETIME('2011-07-20-12.05.23.903','yyyy-MM-dd-HH.mm.ss.SSS'),'dogdog',PARSEDATETIME('2011-07-15-13.35.05.852','yyyy-MM-dd-HH.mm.ss.SSS'),'dogdog',1,48);
Insert into PCKM_TEAM (TEAM_ID,TEAM_NAME,SQUAD_NAME,CONFERENCE_MEMBER,LAST_UPDATE_DATE,LAST_UPDATE_USER,CREATE_DATE,CREATE_USER,SYS_MOD_COUNT,HOME_VENUE_ID) values (33,'Central Michigan','Chippewas','N',PARSEDATETIME('2011-07-20-11.10.48.231','yyyy-MM-dd-HH.mm.ss.SSS'),'dogdog',PARSEDATETIME('2011-07-15-13.35.36.958','yyyy-MM-dd-HH.mm.ss.SSS'),'dogdog',1,32);
Insert into PCKM_TEAM (TEAM_ID,TEAM_NAME,SQUAD_NAME,CONFERENCE_MEMBER,LAST_UPDATE_DATE,LAST_UPDATE_USER,CREATE_DATE,CREATE_USER,SYS_MOD_COUNT,HOME_VENUE_ID) values (34,'Louisville','Cardinals','N',PARSEDATETIME('2011-07-20-11.54.01.388','yyyy-MM-dd-HH.mm.ss.SSS'),'dogdog',PARSEDATETIME('2011-07-15-13.36.02.620','yyyy-MM-dd-HH.mm.ss.SSS'),'dogdog',1,49);
Insert into PCKM_TEAM (TEAM_ID,TEAM_NAME,SQUAD_NAME,CONFERENCE_MEMBER,LAST_UPDATE_DATE,LAST_UPDATE_USER,CREATE_DATE,CREATE_USER,SYS_MOD_COUNT,HOME_VENUE_ID) values (35,'Jacksonville State','Gamecocks','N',PARSEDATETIME('2011-07-20-11.51.41.955','yyyy-MM-dd-HH.mm.ss.SSS'),'dogdog',PARSEDATETIME('2011-07-15-13.36.38.999','yyyy-MM-dd-HH.mm.ss.SSS'),'dogdog',1,50);
Insert into PCKM_TEAM (TEAM_ID,TEAM_NAME,SQUAD_NAME,CONFERENCE_MEMBER,LAST_UPDATE_DATE,LAST_UPDATE_USER,CREATE_DATE,CREATE_USER,SYS_MOD_COUNT,HOME_VENUE_ID) values (36,'Oregon','Ducks','N',PARSEDATETIME('2011-07-20-11.59.04.324','yyyy-MM-dd-HH.mm.ss.SSS'),'dogdog',PARSEDATETIME('2011-07-15-13.37.11.869','yyyy-MM-dd-HH.mm.ss.SSS'),'dogdog',1,51);
Insert into PCKM_TEAM (TEAM_ID,TEAM_NAME,SQUAD_NAME,CONFERENCE_MEMBER,LAST_UPDATE_DATE,LAST_UPDATE_USER,CREATE_DATE,CREATE_USER,SYS_MOD_COUNT,HOME_VENUE_ID) values (37,'Northwestern State','Demons','N',PARSEDATETIME('2011-07-20-11.58.35.994','yyyy-MM-dd-HH.mm.ss.SSS'),'dogdog',PARSEDATETIME('2011-07-15-13.37.51.071','yyyy-MM-dd-HH.mm.ss.SSS'),'dogdog',1,52);
Insert into PCKM_TEAM (TEAM_ID,TEAM_NAME,SQUAD_NAME,CONFERENCE_MEMBER,LAST_UPDATE_DATE,LAST_UPDATE_USER,CREATE_DATE,CREATE_USER,SYS_MOD_COUNT,HOME_VENUE_ID) values (38,'West Virginia','Mountaineers','N',PARSEDATETIME('2011-07-20-12.05.07.866','yyyy-MM-dd-HH.mm.ss.SSS'),'dogdog',PARSEDATETIME('2011-07-15-13.38.24.565','yyyy-MM-dd-HH.mm.ss.SSS'),'dogdog',1,21);
Insert into PCKM_TEAM (TEAM_ID,TEAM_NAME,SQUAD_NAME,CONFERENCE_MEMBER,LAST_UPDATE_DATE,LAST_UPDATE_USER,CREATE_DATE,CREATE_USER,SYS_MOD_COUNT,HOME_VENUE_ID) values (39,'Memphis','Tigers','N',PARSEDATETIME('2011-07-20-11.54.16.114','yyyy-MM-dd-HH.mm.ss.SSS'),'dogdog',PARSEDATETIME('2011-07-15-13.40.00.520','yyyy-MM-dd-HH.mm.ss.SSS'),'dogdog',1,22);
Insert into PCKM_TEAM (TEAM_ID,TEAM_NAME,SQUAD_NAME,CONFERENCE_MEMBER,LAST_UPDATE_DATE,LAST_UPDATE_USER,CREATE_DATE,CREATE_USER,SYS_MOD_COUNT,HOME_VENUE_ID) values (40,'Louisiana Tech','Bulldogs','N',PARSEDATETIME('2011-07-20-11.53.49.407','yyyy-MM-dd-HH.mm.ss.SSS'),'dogdog',PARSEDATETIME('2011-07-15-13.40.24.404','yyyy-MM-dd-HH.mm.ss.SSS'),'dogdog',1,53);
Insert into PCKM_TEAM (TEAM_ID,TEAM_NAME,SQUAD_NAME,CONFERENCE_MEMBER,LAST_UPDATE_DATE,LAST_UPDATE_USER,CREATE_DATE,CREATE_USER,SYS_MOD_COUNT,HOME_VENUE_ID) values (41,'UT Martin','Skyhawks','N',PARSEDATETIME('2011-07-20-12.03.45.218','yyyy-MM-dd-HH.mm.ss.SSS'),'dogdog',PARSEDATETIME('2011-07-15-13.40.55.292','yyyy-MM-dd-HH.mm.ss.SSS'),'dogdog',1,54);
Insert into PCKM_TEAM (TEAM_ID,TEAM_NAME,SQUAD_NAME,CONFERENCE_MEMBER,LAST_UPDATE_DATE,LAST_UPDATE_USER,CREATE_DATE,CREATE_USER,SYS_MOD_COUNT,HOME_VENUE_ID) values (42,'BYU','Cougars','N',PARSEDATETIME('2011-07-20-10.44.57.945','yyyy-MM-dd-HH.mm.ss.SSS'),'dogdog',PARSEDATETIME('2011-07-15-13.41.56.662','yyyy-MM-dd-HH.mm.ss.SSS'),'dogdog',1,29);
Insert into PCKM_TEAM (TEAM_ID,TEAM_NAME,SQUAD_NAME,CONFERENCE_MEMBER,LAST_UPDATE_DATE,LAST_UPDATE_USER,CREATE_DATE,CREATE_USER,SYS_MOD_COUNT,HOME_VENUE_ID) values (43,'Southern Illinois','Salukis','N',PARSEDATETIME('2011-07-20-12.00.47.674','yyyy-MM-dd-HH.mm.ss.SSS'),'dogdog',PARSEDATETIME('2011-07-15-13.42.27.581','yyyy-MM-dd-HH.mm.ss.SSS'),'dogdog',1,55);
Insert into PCKM_TEAM (TEAM_ID,TEAM_NAME,SQUAD_NAME,CONFERENCE_MEMBER,LAST_UPDATE_DATE,LAST_UPDATE_USER,CREATE_DATE,CREATE_USER,SYS_MOD_COUNT,HOME_VENUE_ID) values (44,'Fresno State','Bulldogs','N',PARSEDATETIME('2011-07-20-11.50.00.789','yyyy-MM-dd-HH.mm.ss.SSS'),'dogdog',PARSEDATETIME('2011-07-15-13.42.48.579','yyyy-MM-dd-HH.mm.ss.SSS'),'dogdog',1,24);
Insert into PCKM_TEAM (TEAM_ID,TEAM_NAME,SQUAD_NAME,CONFERENCE_MEMBER,LAST_UPDATE_DATE,LAST_UPDATE_USER,CREATE_DATE,CREATE_USER,SYS_MOD_COUNT,HOME_VENUE_ID) values (45,'East Carolina','Pirates','N',PARSEDATETIME('2011-07-20-11.46.21.328','yyyy-MM-dd-HH.mm.ss.SSS'),'dogdog',PARSEDATETIME('2011-07-15-13.45.35.967','yyyy-MM-dd-HH.mm.ss.SSS'),'dogdog',1,56);
Insert into PCKM_TEAM (TEAM_ID,TEAM_NAME,SQUAD_NAME,CONFERENCE_MEMBER,LAST_UPDATE_DATE,LAST_UPDATE_USER,CREATE_DATE,CREATE_USER,SYS_MOD_COUNT,HOME_VENUE_ID) values (46,'Navy','Midshipmen','N',PARSEDATETIME('2011-07-20-11.57.25.202','yyyy-MM-dd-HH.mm.ss.SSS'),'dogdog',PARSEDATETIME('2011-07-15-13.45.59.773','yyyy-MM-dd-HH.mm.ss.SSS'),'dogdog',1,57);
Insert into PCKM_TEAM (TEAM_ID,TEAM_NAME,SQUAD_NAME,CONFERENCE_MEMBER,LAST_UPDATE_DATE,LAST_UPDATE_USER,CREATE_DATE,CREATE_USER,SYS_MOD_COUNT,HOME_VENUE_ID) values (47,'The Citadel','Bulldogs','N',PARSEDATETIME('2011-07-20-12.02.47.466','yyyy-MM-dd-HH.mm.ss.SSS'),'dogdog',PARSEDATETIME('2011-07-15-13.46.22.876','yyyy-MM-dd-HH.mm.ss.SSS'),'dogdog',1,58);
Insert into PCKM_TEAM (TEAM_ID,TEAM_NAME,SQUAD_NAME,CONFERENCE_MEMBER,LAST_UPDATE_DATE,LAST_UPDATE_USER,CREATE_DATE,CREATE_USER,SYS_MOD_COUNT,HOME_VENUE_ID) values (48,'Montana','Grizzlies','N',PARSEDATETIME('2011-07-20-11.57.06.435','yyyy-MM-dd-HH.mm.ss.SSS'),'dogdog',PARSEDATETIME('2011-07-15-13.48.07.115','yyyy-MM-dd-HH.mm.ss.SSS'),'dogdog',1,59);
Insert into PCKM_TEAM (TEAM_ID,TEAM_NAME,SQUAD_NAME,CONFERENCE_MEMBER,LAST_UPDATE_DATE,LAST_UPDATE_USER,CREATE_DATE,CREATE_USER,SYS_MOD_COUNT,HOME_VENUE_ID) values (49,'Cincinnati','Bearcats','N',PARSEDATETIME('2011-07-20-11.12.01.161','yyyy-MM-dd-HH.mm.ss.SSS'),'dogdog',PARSEDATETIME('2011-07-15-13.48.29.361','yyyy-MM-dd-HH.mm.ss.SSS'),'dogdog',1,33);
Insert into PCKM_TEAM (TEAM_ID,TEAM_NAME,SQUAD_NAME,CONFERENCE_MEMBER,LAST_UPDATE_DATE,LAST_UPDATE_USER,CREATE_DATE,CREATE_USER,SYS_MOD_COUNT,HOME_VENUE_ID) values (50,'Buffalo','Bulls','N',PARSEDATETIME('2011-07-20-11.08.24.024','yyyy-MM-dd-HH.mm.ss.SSS'),'dogdog',PARSEDATETIME('2011-07-15-13.48.46.069','yyyy-MM-dd-HH.mm.ss.SSS'),'dogdog',1,31);
Insert into PCKM_TEAM (TEAM_ID,TEAM_NAME,SQUAD_NAME,CONFERENCE_MEMBER,LAST_UPDATE_DATE,LAST_UPDATE_USER,CREATE_DATE,CREATE_USER,SYS_MOD_COUNT,HOME_VENUE_ID) values (51,'Middle Tennessee State','Blue Raiders','N',PARSEDATETIME('2011-07-20-11.54.50.013','yyyy-MM-dd-HH.mm.ss.SSS'),'dogdog',PARSEDATETIME('2011-07-15-13.49.29.983','yyyy-MM-dd-HH.mm.ss.SSS'),'dogdog',1,60);
Insert into PCKM_TEAM (TEAM_ID,TEAM_NAME,SQUAD_NAME,CONFERENCE_MEMBER,LAST_UPDATE_DATE,LAST_UPDATE_USER,CREATE_DATE,CREATE_USER,SYS_MOD_COUNT,HOME_VENUE_ID) values (52,'Elon','Phoenix','N',PARSEDATETIME('2011-07-20-11.49.11.243','yyyy-MM-dd-HH.mm.ss.SSS'),'dogdog',PARSEDATETIME('2011-07-15-13.50.35.830','yyyy-MM-dd-HH.mm.ss.SSS'),'dogdog',1,61);
Insert into PCKM_TEAM (TEAM_ID,TEAM_NAME,SQUAD_NAME,CONFERENCE_MEMBER,LAST_UPDATE_DATE,LAST_UPDATE_USER,CREATE_DATE,CREATE_USER,SYS_MOD_COUNT,HOME_VENUE_ID) values (53,'Connecticut','Huskies','N',PARSEDATETIME('2011-07-20-11.45.38.943','yyyy-MM-dd-HH.mm.ss.SSS'),'dogdog',PARSEDATETIME('2011-07-15-13.50.56.141','yyyy-MM-dd-HH.mm.ss.SSS'),'dogdog',1,62);
Insert into PCKM_TEAM (TEAM_ID,TEAM_NAME,SQUAD_NAME,CONFERENCE_MEMBER,LAST_UPDATE_DATE,LAST_UPDATE_USER,CREATE_DATE,CREATE_USER,SYS_MOD_COUNT,HOME_VENUE_ID) values (54,'Army','Black Knights','N',PARSEDATETIME('2011-07-20-10.43.01.210','yyyy-MM-dd-HH.mm.ss.SSS'),'dogdog',PARSEDATETIME('2011-07-15-13.51.14.440','yyyy-MM-dd-HH.mm.ss.SSS'),'dogdog',1,28);
Insert into PCKM_TEAM (TEAM_ID,TEAM_NAME,SQUAD_NAME,CONFERENCE_MEMBER,LAST_UPDATE_DATE,LAST_UPDATE_USER,CREATE_DATE,CREATE_USER,SYS_MOD_COUNT,HOME_VENUE_ID) values (55,'Wake Forest','Demon Deacons','N',PARSEDATETIME('2011-07-20-12.04.48.897','yyyy-MM-dd-HH.mm.ss.SSS'),'dogdog',PARSEDATETIME('2011-07-15-13.51.42.037','yyyy-MM-dd-HH.mm.ss.SSS'),'dogdog',1,27);
Insert into PCKM_TEAM (TEAM_ID,TEAM_NAME,SQUAD_NAME,CONFERENCE_MEMBER,LAST_UPDATE_DATE,LAST_UPDATE_USER,CREATE_DATE,CREATE_USER,SYS_MOD_COUNT,HOME_VENUE_ID) values (3,'Auburn','Tigers','Y',PARSEDATETIME('2011-07-20-10.43.12.083','yyyy-MM-dd-HH.mm.ss.SSS'),'dogdog',PARSEDATETIME('2011-07-15-13.05.14.598','yyyy-MM-dd-HH.mm.ss.SSS'),'dogdog',2,6);
Insert into PCKM_TEAM (TEAM_ID,TEAM_NAME,SQUAD_NAME,CONFERENCE_MEMBER,LAST_UPDATE_DATE,LAST_UPDATE_USER,CREATE_DATE,CREATE_USER,SYS_MOD_COUNT,HOME_VENUE_ID) values (4,'Florida','Gators','Y',PARSEDATETIME('2011-07-20-11.49.22.584','yyyy-MM-dd-HH.mm.ss.SSS'),'dogdog',PARSEDATETIME('2011-07-15-13.05.32.991','yyyy-MM-dd-HH.mm.ss.SSS'),'dogdog',2,3);
Insert into PCKM_TEAM (TEAM_ID,TEAM_NAME,SQUAD_NAME,CONFERENCE_MEMBER,LAST_UPDATE_DATE,LAST_UPDATE_USER,CREATE_DATE,CREATE_USER,SYS_MOD_COUNT,HOME_VENUE_ID) values (5,'Georgia','Bulldogs','Y',PARSEDATETIME('2011-07-20-11.50.44.438','yyyy-MM-dd-HH.mm.ss.SSS'),'dogdog',PARSEDATETIME('2011-07-15-13.05.43.567','yyyy-MM-dd-HH.mm.ss.SSS'),'dogdog',2,14);
Insert into PCKM_TEAM (TEAM_ID,TEAM_NAME,SQUAD_NAME,CONFERENCE_MEMBER,LAST_UPDATE_DATE,LAST_UPDATE_USER,CREATE_DATE,CREATE_USER,SYS_MOD_COUNT,HOME_VENUE_ID) values (6,'Kentucky','Wildcats','Y',PARSEDATETIME('2011-07-20-11.53.04.760','yyyy-MM-dd-HH.mm.ss.SSS'),'dogdog',PARSEDATETIME('2011-07-15-13.05.57.982','yyyy-MM-dd-HH.mm.ss.SSS'),'dogdog',2,15);
Insert into PCKM_TEAM (TEAM_ID,TEAM_NAME,SQUAD_NAME,CONFERENCE_MEMBER,LAST_UPDATE_DATE,LAST_UPDATE_USER,CREATE_DATE,CREATE_USER,SYS_MOD_COUNT,HOME_VENUE_ID) values (7,'LSU','Tigers','Y',PARSEDATETIME('2011-07-20-11.53.20.219','yyyy-MM-dd-HH.mm.ss.SSS'),'dogdog',PARSEDATETIME('2011-07-15-13.06.17.154','yyyy-MM-dd-HH.mm.ss.SSS'),'dogdog',2,11);
Insert into PCKM_TEAM (TEAM_ID,TEAM_NAME,SQUAD_NAME,CONFERENCE_MEMBER,LAST_UPDATE_DATE,LAST_UPDATE_USER,CREATE_DATE,CREATE_USER,SYS_MOD_COUNT,HOME_VENUE_ID) values (8,'Ole Miss','Rebels','Y',PARSEDATETIME('2011-07-20-11.58.52.218','yyyy-MM-dd-HH.mm.ss.SSS'),'dogdog',PARSEDATETIME('2011-07-15-13.06.27.684','yyyy-MM-dd-HH.mm.ss.SSS'),'dogdog',2,4);
Insert into PCKM_TEAM (TEAM_ID,TEAM_NAME,SQUAD_NAME,CONFERENCE_MEMBER,LAST_UPDATE_DATE,LAST_UPDATE_USER,CREATE_DATE,CREATE_USER,SYS_MOD_COUNT,HOME_VENUE_ID) values (1,'Alabama','Crimson Tide','Y',PARSEDATETIME('2011-07-20-10.39.28.956','yyyy-MM-dd-HH.mm.ss.SSS'),'dogdog',PARSEDATETIME('2011-07-15-13.04.30.247','yyyy-MM-dd-HH.mm.ss.SSS'),'dogdog',2,1);
Insert into PCKM_TEAM (TEAM_ID,TEAM_NAME,SQUAD_NAME,CONFERENCE_MEMBER,LAST_UPDATE_DATE,LAST_UPDATE_USER,CREATE_DATE,CREATE_USER,SYS_MOD_COUNT,HOME_VENUE_ID) values (2,'Arkansas','Razorbacks','Y',PARSEDATETIME('2011-07-20-10.41.18.156','yyyy-MM-dd-HH.mm.ss.SSS'),'dogdog',PARSEDATETIME('2011-07-15-13.04.56.611','yyyy-MM-dd-HH.mm.ss.SSS'),'dogdog',2,7);
Insert into PCKM_TEAM (TEAM_ID,TEAM_NAME,SQUAD_NAME,CONFERENCE_MEMBER,LAST_UPDATE_DATE,LAST_UPDATE_USER,CREATE_DATE,CREATE_USER,SYS_MOD_COUNT,HOME_VENUE_ID) values (9,'Mississippi State','Bulldogs','Y',PARSEDATETIME('2011-07-20-11.55.44.207','yyyy-MM-dd-HH.mm.ss.SSS'),'dogdog',PARSEDATETIME('2011-07-15-13.06.49.103','yyyy-MM-dd-HH.mm.ss.SSS'),'dogdog',2,5);
Insert into PCKM_TEAM (TEAM_ID,TEAM_NAME,SQUAD_NAME,CONFERENCE_MEMBER,LAST_UPDATE_DATE,LAST_UPDATE_USER,CREATE_DATE,CREATE_USER,SYS_MOD_COUNT,HOME_VENUE_ID) values (10,'South Carolina','Gamecocks','Y',PARSEDATETIME('2011-07-20-12.00.35.693','yyyy-MM-dd-HH.mm.ss.SSS'),'dogdog',PARSEDATETIME('2011-07-15-13.07.16.153','yyyy-MM-dd-HH.mm.ss.SSS'),'dogdog',2,13);
Insert into PCKM_TEAM (TEAM_ID,TEAM_NAME,SQUAD_NAME,CONFERENCE_MEMBER,LAST_UPDATE_DATE,LAST_UPDATE_USER,CREATE_DATE,CREATE_USER,SYS_MOD_COUNT,HOME_VENUE_ID) values (11,'Tennessee','Volunteers','Y',PARSEDATETIME('2011-07-20-12.01.02.260','yyyy-MM-dd-HH.mm.ss.SSS'),'dogdog',PARSEDATETIME('2011-07-15-13.07.37.822','yyyy-MM-dd-HH.mm.ss.SSS'),'dogdog',2,18);
Insert into PCKM_TEAM (TEAM_ID,TEAM_NAME,SQUAD_NAME,CONFERENCE_MEMBER,LAST_UPDATE_DATE,LAST_UPDATE_USER,CREATE_DATE,CREATE_USER,SYS_MOD_COUNT,HOME_VENUE_ID) values (12,'Vanderbilt','Commodores','Y',PARSEDATETIME('2011-07-20-12.04.25.700','yyyy-MM-dd-HH.mm.ss.SSS'),'dogdog',PARSEDATETIME('2011-07-15-13.07.56.245','yyyy-MM-dd-HH.mm.ss.SSS'),'dogdog',2,10);
Insert into PCKM_TEAM (TEAM_ID,TEAM_NAME,SQUAD_NAME,CONFERENCE_MEMBER,LAST_UPDATE_DATE,LAST_UPDATE_USER,CREATE_DATE,CREATE_USER,SYS_MOD_COUNT,HOME_VENUE_ID) values (13,'Kent State','Golden Flashes','N',PARSEDATETIME('2011-07-20-11.52.06.275','yyyy-MM-dd-HH.mm.ss.SSS'),'dogdog',PARSEDATETIME('2011-07-15-13.09.11.469','yyyy-MM-dd-HH.mm.ss.SSS'),'dogdog',2,35);
Insert into PCKM_TEAM (TEAM_ID,TEAM_NAME,SQUAD_NAME,CONFERENCE_MEMBER,LAST_UPDATE_DATE,LAST_UPDATE_USER,CREATE_DATE,CREATE_USER,SYS_MOD_COUNT,HOME_VENUE_ID) values (14,'Penn State','Nittany Lions','N',PARSEDATETIME('2011-07-20-11.59.20.704','yyyy-MM-dd-HH.mm.ss.SSS'),'dogdog',PARSEDATETIME('2011-07-15-13.12.08.591','yyyy-MM-dd-HH.mm.ss.SSS'),'dogdog',1,2);
Insert into PCKM_TEAM (TEAM_ID,TEAM_NAME,SQUAD_NAME,CONFERENCE_MEMBER,LAST_UPDATE_DATE,LAST_UPDATE_USER,CREATE_DATE,CREATE_USER,SYS_MOD_COUNT,HOME_VENUE_ID) values (15,'North Texas','Mean Green','N',PARSEDATETIME('2011-07-20-11.58.11.970','yyyy-MM-dd-HH.mm.ss.SSS'),'dogdog',PARSEDATETIME('2011-07-15-13.12.45.485','yyyy-MM-dd-HH.mm.ss.SSS'),'dogdog',1,36);
Insert into PCKM_TEAM (TEAM_ID,TEAM_NAME,SQUAD_NAME,CONFERENCE_MEMBER,LAST_UPDATE_DATE,LAST_UPDATE_USER,CREATE_DATE,CREATE_USER,SYS_MOD_COUNT,HOME_VENUE_ID) values (16,'Georgia Southern','Eagles','N',PARSEDATETIME('2011-07-20-11.51.13.360','yyyy-MM-dd-HH.mm.ss.SSS'),'dogdog',PARSEDATETIME('2011-07-15-13.13.20.819','yyyy-MM-dd-HH.mm.ss.SSS'),'dogdog',1,37);
Insert into PCKM_TEAM (TEAM_ID,TEAM_NAME,SQUAD_NAME,CONFERENCE_MEMBER,LAST_UPDATE_DATE,LAST_UPDATE_USER,CREATE_DATE,CREATE_USER,SYS_MOD_COUNT,HOME_VENUE_ID) values (17,'Missouri State','Bears','N',PARSEDATETIME('2011-07-20-11.56.17.014','yyyy-MM-dd-HH.mm.ss.SSS'),'dogdog',PARSEDATETIME('2011-07-15-13.13.52.159','yyyy-MM-dd-HH.mm.ss.SSS'),'dogdog',1,38);
Insert into PCKM_TEAM (TEAM_ID,TEAM_NAME,SQUAD_NAME,CONFERENCE_MEMBER,LAST_UPDATE_DATE,LAST_UPDATE_USER,CREATE_DATE,CREATE_USER,SYS_MOD_COUNT,HOME_VENUE_ID) values (18,'New Mexico','Lobos','N',PARSEDATETIME('2011-07-20-11.57.51.628','yyyy-MM-dd-HH.mm.ss.SSS'),'dogdog',PARSEDATETIME('2011-07-15-13.14.26.043','yyyy-MM-dd-HH.mm.ss.SSS'),'dogdog',1,39);
Insert into PCKM_TEAM (TEAM_ID,TEAM_NAME,SQUAD_NAME,CONFERENCE_MEMBER,LAST_UPDATE_DATE,LAST_UPDATE_USER,CREATE_DATE,CREATE_USER,SYS_MOD_COUNT,HOME_VENUE_ID) values (19,'Troy','Trojans','N',PARSEDATETIME('2011-07-20-12.03.04.455','yyyy-MM-dd-HH.mm.ss.SSS'),'dogdog',PARSEDATETIME('2011-07-15-13.14.49.255','yyyy-MM-dd-HH.mm.ss.SSS'),'dogdog',1,40);
Insert into PCKM_TEAM (TEAM_ID,TEAM_NAME,SQUAD_NAME,CONFERENCE_MEMBER,LAST_UPDATE_DATE,LAST_UPDATE_USER,CREATE_DATE,CREATE_USER,SYS_MOD_COUNT,HOME_VENUE_ID) values (20,'Texas A\&M','Aggies','N',PARSEDATETIME('2011-07-20-12.01.16.721','yyyy-MM-dd-HH.mm.ss.SSS'),'dogdog',PARSEDATETIME('2011-07-15-13.15.18.958','yyyy-MM-dd-HH.mm.ss.SSS'),'dogdog',1,41);

--REM INSERTING into PCKM_RIVALRY
Insert into PCKM_RIVALRY (RIVALRY_ID,RIVALRY_NAME,TEAM_ID1,TEAM_ID2,LAST_UPDATE_DATE,LAST_UPDATE_USER,CREATE_DATE,CREATE_USER,SYS_MOD_COUNT) values (1,'Iron Bowl',1,3,PARSEDATETIME('2011-07-20-12.31.07.034','yyyy-MM-dd-HH.mm.ss.SSS'),'dogdog',PARSEDATETIME('2011-07-20-12.31.07.034','yyyy-MM-dd-HH.mm.ss.SSS'),'dogdog',0);
Insert into PCKM_RIVALRY (RIVALRY_ID,RIVALRY_NAME,TEAM_ID1,TEAM_ID2,LAST_UPDATE_DATE,LAST_UPDATE_USER,CREATE_DATE,CREATE_USER,SYS_MOD_COUNT) values (2,'Alabama - Ole Miss Rivalry',1,8,PARSEDATETIME('2011-07-20-13.29.18.244','yyyy-MM-dd-HH.mm.ss.SSS'),'dogdog',PARSEDATETIME('2011-07-20-13.29.18.244','yyyy-MM-dd-HH.mm.ss.SSS'),'dogdog',0);
Insert into PCKM_RIVALRY (RIVALRY_ID,RIVALRY_NAME,TEAM_ID1,TEAM_ID2,LAST_UPDATE_DATE,LAST_UPDATE_USER,CREATE_DATE,CREATE_USER,SYS_MOD_COUNT) values (3,'Third Saturday in October',1,11,PARSEDATETIME('2011-07-20-13.29.55.404','yyyy-MM-dd-HH.mm.ss.SSS'),'dogdog',PARSEDATETIME('2011-07-20-13.29.55.404','yyyy-MM-dd-HH.mm.ss.SSS'),'dogdog',0);
Insert into PCKM_RIVALRY (RIVALRY_ID,RIVALRY_NAME,TEAM_ID1,TEAM_ID2,LAST_UPDATE_DATE,LAST_UPDATE_USER,CREATE_DATE,CREATE_USER,SYS_MOD_COUNT) values (4,'Saban Bowl',1,7,PARSEDATETIME('2011-07-20-13.30.28.491','yyyy-MM-dd-HH.mm.ss.SSS'),'dogdog',PARSEDATETIME('2011-07-20-13.30.28.491','yyyy-MM-dd-HH.mm.ss.SSS'),'dogdog',0);
Insert into PCKM_RIVALRY (RIVALRY_ID,RIVALRY_NAME,TEAM_ID1,TEAM_ID2,LAST_UPDATE_DATE,LAST_UPDATE_USER,CREATE_DATE,CREATE_USER,SYS_MOD_COUNT) values (5,'90 Mile Drive',1,9,PARSEDATETIME('2011-07-20-13.31.14.605','yyyy-MM-dd-HH.mm.ss.SSS'),'dogdog',PARSEDATETIME('2011-07-20-13.31.14.605','yyyy-MM-dd-HH.mm.ss.SSS'),'dogdog',0);
Insert into PCKM_RIVALRY (RIVALRY_ID,RIVALRY_NAME,TEAM_ID1,TEAM_ID2,LAST_UPDATE_DATE,LAST_UPDATE_USER,CREATE_DATE,CREATE_USER,SYS_MOD_COUNT) values (6,'Southwest Classic',2,20,PARSEDATETIME('2011-07-20-13.32.44.445','yyyy-MM-dd-HH.mm.ss.SSS'),'dogdog',PARSEDATETIME('2011-07-20-13.32.44.445','yyyy-MM-dd-HH.mm.ss.SSS'),'dogdog',0);
Insert into PCKM_RIVALRY (RIVALRY_ID,RIVALRY_NAME,TEAM_ID1,TEAM_ID2,LAST_UPDATE_DATE,LAST_UPDATE_USER,CREATE_DATE,CREATE_USER,SYS_MOD_COUNT) values (7,'Arkansas - Ole Miss Rivalry',2,8,PARSEDATETIME('2011-07-20-13.33.25.723','yyyy-MM-dd-HH.mm.ss.SSS'),'dogdog',PARSEDATETIME('2011-07-20-13.33.25.723','yyyy-MM-dd-HH.mm.ss.SSS'),'dogdog',0);
Insert into PCKM_RIVALRY (RIVALRY_ID,RIVALRY_NAME,TEAM_ID1,TEAM_ID2,LAST_UPDATE_DATE,LAST_UPDATE_USER,CREATE_DATE,CREATE_USER,SYS_MOD_COUNT) values (8,'Battle for the Golden Boot',2,7,PARSEDATETIME('2011-07-20-13.34.00.402','yyyy-MM-dd-HH.mm.ss.SSS'),'dogdog',PARSEDATETIME('2011-07-20-13.34.00.402','yyyy-MM-dd-HH.mm.ss.SSS'),'dogdog',0);
Insert into PCKM_RIVALRY (RIVALRY_ID,RIVALRY_NAME,TEAM_ID1,TEAM_ID2,LAST_UPDATE_DATE,LAST_UPDATE_USER,CREATE_DATE,CREATE_USER,SYS_MOD_COUNT) values (9,'Tiger Bowl',3,7,PARSEDATETIME('2011-07-20-13.34.58.480','yyyy-MM-dd-HH.mm.ss.SSS'),'dogdog',PARSEDATETIME('2011-07-20-13.34.58.480','yyyy-MM-dd-HH.mm.ss.SSS'),'dogdog',0);
Insert into PCKM_RIVALRY (RIVALRY_ID,RIVALRY_NAME,TEAM_ID1,TEAM_ID2,LAST_UPDATE_DATE,LAST_UPDATE_USER,CREATE_DATE,CREATE_USER,SYS_MOD_COUNT) values (10,'Deep South''s Oldest Rivalry',3,5,PARSEDATETIME('2011-07-20-13.35.25.032','yyyy-MM-dd-HH.mm.ss.SSS'),'dogdog',PARSEDATETIME('2011-07-20-13.35.25.032','yyyy-MM-dd-HH.mm.ss.SSS'),'dogdog',0);
Insert into PCKM_RIVALRY (RIVALRY_ID,RIVALRY_NAME,TEAM_ID1,TEAM_ID2,LAST_UPDATE_DATE,LAST_UPDATE_USER,CREATE_DATE,CREATE_USER,SYS_MOD_COUNT) values (11,'Third Saturday in September',4,11,PARSEDATETIME('2011-07-20-13.36.12.378','yyyy-MM-dd-HH.mm.ss.SSS'),'dogdog',PARSEDATETIME('2011-07-20-13.36.12.378','yyyy-MM-dd-HH.mm.ss.SSS'),'dogdog',0);
Insert into PCKM_RIVALRY (RIVALRY_ID,RIVALRY_NAME,TEAM_ID1,TEAM_ID2,LAST_UPDATE_DATE,LAST_UPDATE_USER,CREATE_DATE,CREATE_USER,SYS_MOD_COUNT) values (12,'LSU - Florida Rivalry',7,4,PARSEDATETIME('2011-07-20-13.37.00.862','yyyy-MM-dd-HH.mm.ss.SSS'),'dogdog',PARSEDATETIME('2011-07-20-13.37.00.862','yyyy-MM-dd-HH.mm.ss.SSS'),'dogdog',0);
Insert into PCKM_RIVALRY (RIVALRY_ID,RIVALRY_NAME,TEAM_ID1,TEAM_ID2,LAST_UPDATE_DATE,LAST_UPDATE_USER,CREATE_DATE,CREATE_USER,SYS_MOD_COUNT) values (13,'World''s Largest Outdoor Cocktail Party',4,5,PARSEDATETIME('2011-07-20-13.38.06.788','yyyy-MM-dd-HH.mm.ss.SSS'),'dogdog',PARSEDATETIME('2011-07-20-13.38.06.788','yyyy-MM-dd-HH.mm.ss.SSS'),'dogdog',0);
Insert into PCKM_RIVALRY (RIVALRY_ID,RIVALRY_NAME,TEAM_ID1,TEAM_ID2,LAST_UPDATE_DATE,LAST_UPDATE_USER,CREATE_DATE,CREATE_USER,SYS_MOD_COUNT) values (14,'Sunshine Showdown',4,27,PARSEDATETIME('2011-07-20-13.49.05.529','yyyy-MM-dd-HH.mm.ss.SSS'),'dogdog',PARSEDATETIME('2011-07-20-13.40.48.014','yyyy-MM-dd-HH.mm.ss.SSS'),'dogdog',1);
Insert into PCKM_RIVALRY (RIVALRY_ID,RIVALRY_NAME,TEAM_ID1,TEAM_ID2,LAST_UPDATE_DATE,LAST_UPDATE_USER,CREATE_DATE,CREATE_USER,SYS_MOD_COUNT) values (15,'Clean, Old-Fashioned Hate',5,31,PARSEDATETIME('2011-07-20-13.41.40.321','yyyy-MM-dd-HH.mm.ss.SSS'),'dogdog',PARSEDATETIME('2011-07-20-13.41.40.321','yyyy-MM-dd-HH.mm.ss.SSS'),'dogdog',0);
Insert into PCKM_RIVALRY (RIVALRY_ID,RIVALRY_NAME,TEAM_ID1,TEAM_ID2,LAST_UPDATE_DATE,LAST_UPDATE_USER,CREATE_DATE,CREATE_USER,SYS_MOD_COUNT) values (16,'Governor''s Cup',6,34,PARSEDATETIME('2011-07-20-13.42.23.720','yyyy-MM-dd-HH.mm.ss.SSS'),'dogdog',PARSEDATETIME('2011-07-20-13.42.23.720','yyyy-MM-dd-HH.mm.ss.SSS'),'dogdog',0);
Insert into PCKM_RIVALRY (RIVALRY_ID,RIVALRY_NAME,TEAM_ID1,TEAM_ID2,LAST_UPDATE_DATE,LAST_UPDATE_USER,CREATE_DATE,CREATE_USER,SYS_MOD_COUNT) values (17,'Battle for the Barrel',11,6,PARSEDATETIME('2011-07-20-13.44.11.126','yyyy-MM-dd-HH.mm.ss.SSS'),'dogdog',PARSEDATETIME('2011-07-20-13.44.11.126','yyyy-MM-dd-HH.mm.ss.SSS'),'dogdog',0);
Insert into PCKM_RIVALRY (RIVALRY_ID,RIVALRY_NAME,TEAM_ID1,TEAM_ID2,LAST_UPDATE_DATE,LAST_UPDATE_USER,CREATE_DATE,CREATE_USER,SYS_MOD_COUNT) values (18,'Battle of the Palmetto State',10,22,PARSEDATETIME('2011-07-20-13.45.57.814','yyyy-MM-dd-HH.mm.ss.SSS'),'dogdog',PARSEDATETIME('2011-07-20-13.45.57.814','yyyy-MM-dd-HH.mm.ss.SSS'),'dogdog',0);
Insert into PCKM_RIVALRY (RIVALRY_ID,RIVALRY_NAME,TEAM_ID1,TEAM_ID2,LAST_UPDATE_DATE,LAST_UPDATE_USER,CREATE_DATE,CREATE_USER,SYS_MOD_COUNT) values (19,'Magnolia Bowl',7,8,PARSEDATETIME('2011-07-20-13.47.39.355','yyyy-MM-dd-HH.mm.ss.SSS'),'dogdog',PARSEDATETIME('2011-07-20-13.47.39.355','yyyy-MM-dd-HH.mm.ss.SSS'),'dogdog',0);
Insert into PCKM_RIVALRY (RIVALRY_ID,RIVALRY_NAME,TEAM_ID1,TEAM_ID2,LAST_UPDATE_DATE,LAST_UPDATE_USER,CREATE_DATE,CREATE_USER,SYS_MOD_COUNT) values (20,'Egg Bowl',8,9,PARSEDATETIME('2011-07-20-13.54.58.682','yyyy-MM-dd-HH.mm.ss.SSS'),'dogdog',PARSEDATETIME('2011-07-20-13.54.58.682','yyyy-MM-dd-HH.mm.ss.SSS'),'dogdog',0);
Insert into PCKM_RIVALRY (RIVALRY_ID,RIVALRY_NAME,TEAM_ID1,TEAM_ID2,LAST_UPDATE_DATE,LAST_UPDATE_USER,CREATE_DATE,CREATE_USER,SYS_MOD_COUNT) values (21,'Vanderbilt - Ole Miss Rivalry',12,8,PARSEDATETIME('2011-07-20-14.25.03.321','yyyy-MM-dd-HH.mm.ss.SSS'),'dogdog',PARSEDATETIME('2011-07-20-14.25.03.321','yyyy-MM-dd-HH.mm.ss.SSS'),'dogdog',0);
Insert into PCKM_RIVALRY (RIVALRY_ID,RIVALRY_NAME,TEAM_ID1,TEAM_ID2,LAST_UPDATE_DATE,LAST_UPDATE_USER,CREATE_DATE,CREATE_USER,SYS_MOD_COUNT) values (22,'Tennessee - Vanderbilt Rivalry',11,12,PARSEDATETIME('2011-07-20-14.31.49.685','yyyy-MM-dd-HH.mm.ss.SSS'),'dogdog',PARSEDATETIME('2011-07-20-14.31.49.685','yyyy-MM-dd-HH.mm.ss.SSS'),'dogdog',0);
Insert into PCKM_RIVALRY (RIVALRY_ID,RIVALRY_NAME,TEAM_ID1,TEAM_ID2,LAST_UPDATE_DATE,LAST_UPDATE_USER,CREATE_DATE,CREATE_USER,SYS_MOD_COUNT) values (23,'Tennessee - Georgia Rivalry',11,5,PARSEDATETIME('2011-07-20-14.32.48.841','yyyy-MM-dd-HH.mm.ss.SSS'),'dogdog',PARSEDATETIME('2011-07-20-14.32.48.841','yyyy-MM-dd-HH.mm.ss.SSS'),'dogdog',0);
Insert into PCKM_RIVALRY (RIVALRY_ID,RIVALRY_NAME,TEAM_ID1,TEAM_ID2,LAST_UPDATE_DATE,LAST_UPDATE_USER,CREATE_DATE,CREATE_USER,SYS_MOD_COUNT) values (24,'Tennessee - Memphis Rivalry',11,39,PARSEDATETIME('2011-07-20-14.33.25.220','yyyy-MM-dd-HH.mm.ss.SSS'),'dogdog',PARSEDATETIME('2011-07-20-14.33.25.220','yyyy-MM-dd-HH.mm.ss.SSS'),'dogdog',0);
Insert into PCKM_RIVALRY (RIVALRY_ID,RIVALRY_NAME,TEAM_ID1,TEAM_ID2,LAST_UPDATE_DATE,LAST_UPDATE_USER,CREATE_DATE,CREATE_USER,SYS_MOD_COUNT) values (25,'Florida - Auburn Rivalry',4,3,PARSEDATETIME('2011-07-20-14.38.58.373','yyyy-MM-dd-HH.mm.ss.SSS'),'dogdog',PARSEDATETIME('2011-07-20-14.38.58.373','yyyy-MM-dd-HH.mm.ss.SSS'),'dogdog',0);
Insert into PCKM_RIVALRY (RIVALRY_ID,RIVALRY_NAME,TEAM_ID1,TEAM_ID2,LAST_UPDATE_DATE,LAST_UPDATE_USER,CREATE_DATE,CREATE_USER,SYS_MOD_COUNT) values (26,'Georgia - South Carolina Rivalry',5,10,PARSEDATETIME('2011-07-20-14.48.26.167','yyyy-MM-dd-HH.mm.ss.SSS'),'dogdog',PARSEDATETIME('2011-07-20-14.48.26.167','yyyy-MM-dd-HH.mm.ss.SSS'),'dogdog',0);
Insert into PCKM_RIVALRY (RIVALRY_ID,RIVALRY_NAME,TEAM_ID1,TEAM_ID2,LAST_UPDATE_DATE,LAST_UPDATE_USER,CREATE_DATE,CREATE_USER,SYS_MOD_COUNT) values (27,'Halloween Game',10,11,PARSEDATETIME('2011-07-20-14.49.01.438','yyyy-MM-dd-HH.mm.ss.SSS'),'dogdog',PARSEDATETIME('2011-07-20-14.49.01.438','yyyy-MM-dd-HH.mm.ss.SSS'),'dogdog',0);
Insert into PCKM_RIVALRY (RIVALRY_ID,RIVALRY_NAME,TEAM_ID1,TEAM_ID2,LAST_UPDATE_DATE,LAST_UPDATE_USER,CREATE_DATE,CREATE_USER,SYS_MOD_COUNT) values (28,'Missippissi State - Kentucky Rivalry',9,6,PARSEDATETIME('2011-07-20-14.54.25.544','yyyy-MM-dd-HH.mm.ss.SSS'),'dogdog',PARSEDATETIME('2011-07-20-14.54.25.544','yyyy-MM-dd-HH.mm.ss.SSS'),'dogdog',0);

--REM INSERTING into PCKM_THEME
Insert into PCKM_THEME (THEME_ID,THEME_NAME,THEME_PATH,ACTIVE,LAST_UPDATE_DATE,LAST_UPDATE_USER,CREATE_DATE,CREATE_USER,SYS_MOD_COUNT) values (14,'Auburn','themes/auburn','Y',PARSEDATETIME('2011-07-08-16.56.20.825','yyyy-MM-dd-HH.mm.ss.SSS'),'dogdog',PARSEDATETIME('2011-07-08-16.56.20.825','yyyy-MM-dd-HH.mm.ss.SSS'),'dogdog',0);
Insert into PCKM_THEME (THEME_ID,THEME_NAME,THEME_PATH,ACTIVE,LAST_UPDATE_DATE,LAST_UPDATE_USER,CREATE_DATE,CREATE_USER,SYS_MOD_COUNT) values (4,'Arkansas','themes/arkansas','Y',PARSEDATETIME('2011-08-08-15.16.49.393','yyyy-MM-dd-HH.mm.ss.SSS'),'BassettHnd',PARSEDATETIME('2011-07-08-15.45.11.927','yyyy-MM-dd-HH.mm.ss.SSS'),'dogdog',8);
Insert into PCKM_THEME (THEME_ID,THEME_NAME,THEME_PATH,ACTIVE,LAST_UPDATE_DATE,LAST_UPDATE_USER,CREATE_DATE,CREATE_USER,SYS_MOD_COUNT) values (1,'Alabama','themes/alabama','Y',PARSEDATETIME('2011-06-24-14.19.29.686','yyyy-MM-dd-HH.mm.ss.SSS'),'dogdog',PARSEDATETIME('2011-04-21-15.22.16.950','yyyy-MM-dd-HH.mm.ss.SSS'),'dogdog',2);
Insert into PCKM_THEME (THEME_ID,THEME_NAME,THEME_PATH,ACTIVE,LAST_UPDATE_DATE,LAST_UPDATE_USER,CREATE_DATE,CREATE_USER,SYS_MOD_COUNT) values (5,'Florida','themes/florida','Y',PARSEDATETIME('2011-08-08-15.44.32.137','yyyy-MM-dd-HH.mm.ss.SSS'),'BassettHnd',PARSEDATETIME('2011-07-08-16.06.49.081','yyyy-MM-dd-HH.mm.ss.SSS'),'dogdog',3);
Insert into PCKM_THEME (THEME_ID,THEME_NAME,THEME_PATH,ACTIVE,LAST_UPDATE_DATE,LAST_UPDATE_USER,CREATE_DATE,CREATE_USER,SYS_MOD_COUNT) values (6,'Georgia','themes/georgia','Y',PARSEDATETIME('2011-08-08-15.54.17.921','yyyy-MM-dd-HH.mm.ss.SSS'),'BassettHnd',PARSEDATETIME('2011-07-08-16.07.11.326','yyyy-MM-dd-HH.mm.ss.SSS'),'dogdog',3);
Insert into PCKM_THEME (THEME_ID,THEME_NAME,THEME_PATH,ACTIVE,LAST_UPDATE_DATE,LAST_UPDATE_USER,CREATE_DATE,CREATE_USER,SYS_MOD_COUNT) values (7,'LSU','themes/lsu','Y',PARSEDATETIME('2011-08-08-16.28.03.938','yyyy-MM-dd-HH.mm.ss.SSS'),'BassettHnd',PARSEDATETIME('2011-07-08-16.07.45.374','yyyy-MM-dd-HH.mm.ss.SSS'),'dogdog',3);
Insert into PCKM_THEME (THEME_ID,THEME_NAME,THEME_PATH,ACTIVE,LAST_UPDATE_DATE,LAST_UPDATE_USER,CREATE_DATE,CREATE_USER,SYS_MOD_COUNT) values (8,'Mississippi State','themes/missst','Y',PARSEDATETIME('2011-08-09-08.53.21.706','yyyy-MM-dd-HH.mm.ss.SSS'),'BassettHnd',PARSEDATETIME('2011-07-08-16.08.22.682','yyyy-MM-dd-HH.mm.ss.SSS'),'dogdog',4);
Insert into PCKM_THEME (THEME_ID,THEME_NAME,THEME_PATH,ACTIVE,LAST_UPDATE_DATE,LAST_UPDATE_USER,CREATE_DATE,CREATE_USER,SYS_MOD_COUNT) values (9,'Ole Miss','themes/olemiss','Y',PARSEDATETIME('2011-08-09-10.39.07.011','yyyy-MM-dd-HH.mm.ss.SSS'),'BassettHnd',PARSEDATETIME('2011-07-08-16.08.40.521','yyyy-MM-dd-HH.mm.ss.SSS'),'dogdog',3);
Insert into PCKM_THEME (THEME_ID,THEME_NAME,THEME_PATH,ACTIVE,LAST_UPDATE_DATE,LAST_UPDATE_USER,CREATE_DATE,CREATE_USER,SYS_MOD_COUNT) values (10,'South Carolina','themes/usc','Y',PARSEDATETIME('2011-08-09-12.49.43.746','yyyy-MM-dd-HH.mm.ss.SSS'),'BassettHnd',PARSEDATETIME('2011-07-08-16.09.28.329','yyyy-MM-dd-HH.mm.ss.SSS'),'dogdog',3);
Insert into PCKM_THEME (THEME_ID,THEME_NAME,THEME_PATH,ACTIVE,LAST_UPDATE_DATE,LAST_UPDATE_USER,CREATE_DATE,CREATE_USER,SYS_MOD_COUNT) values (11,'Tennessee','themes/tennessee','Y',PARSEDATETIME('2011-08-09-13.01.48.050','yyyy-MM-dd-HH.mm.ss.SSS'),'BassettHnd',PARSEDATETIME('2011-07-08-16.09.51.865','yyyy-MM-dd-HH.mm.ss.SSS'),'dogdog',6);
Insert into PCKM_THEME (THEME_ID,THEME_NAME,THEME_PATH,ACTIVE,LAST_UPDATE_DATE,LAST_UPDATE_USER,CREATE_DATE,CREATE_USER,SYS_MOD_COUNT) values (12,'Kentucky','themes/kentucky','Y',PARSEDATETIME('2011-08-08-16.10.11.105','yyyy-MM-dd-HH.mm.ss.SSS'),'BassettHnd',PARSEDATETIME('2011-07-08-16.10.29.393','yyyy-MM-dd-HH.mm.ss.SSS'),'dogdog',3);
Insert into PCKM_THEME (THEME_ID,THEME_NAME,THEME_PATH,ACTIVE,LAST_UPDATE_DATE,LAST_UPDATE_USER,CREATE_DATE,CREATE_USER,SYS_MOD_COUNT) values (13,'Vanderbilt','themes/vanderbilt','Y',PARSEDATETIME('2011-08-09-13.25.32.457','yyyy-MM-dd-HH.mm.ss.SSS'),'BassettHnd',PARSEDATETIME('2011-07-08-16.11.25.523','yyyy-MM-dd-HH.mm.ss.SSS'),'dogdog',3);

--REM INSERTING into PCKM_USER
Insert into PCKM_USER (USER_GUID,USER_ID,USER_PASS,FIRST_NAME,LAST_NAME,EMAIL_ADDR,THEME_ID,LAST_UPDATE_DATE,LAST_UPDATE_USER,CREATE_DATE,CREATE_USER,SYS_MOD_COUNT) values (7,'dogdog','PTikkPs9xi5uhDt2f+k9O7E6Q2TCSBMWbErd6rjJRHo=','dogy','dog','dog@dog.com',1,PARSEDATETIME('2011-08-22-12.59.13.046','yyyy-MM-dd-HH.mm.ss.SSS'),'horsey',PARSEDATETIME('2011-04-20-14.50.09.500','yyyy-MM-dd-HH.mm.ss.SSS'),'dogdog',45);
Insert into PCKM_USER (USER_GUID,USER_ID,USER_PASS,FIRST_NAME,LAST_NAME,EMAIL_ADDR,THEME_ID,LAST_UPDATE_DATE,LAST_UPDATE_USER,CREATE_DATE,CREATE_USER,SYS_MOD_COUNT) values (10,'BassettHnd','etBzIghm/8BAa8TzlOyFnfNPKn9ZVqLp7oLbysuiD7I=','Kenney','Curlee','curlee_k@bellsouth.net',1,PARSEDATETIME('2011-08-22-12.58.18.185','yyyy-MM-dd-HH.mm.ss.SSS'),'horsey',PARSEDATETIME('2011-06-27-15.43.17.940','yyyy-MM-dd-HH.mm.ss.SSS'),'dogdog',86);
Insert into PCKM_USER (USER_GUID,USER_ID,USER_PASS,FIRST_NAME,LAST_NAME,EMAIL_ADDR,THEME_ID,LAST_UPDATE_DATE,LAST_UPDATE_USER,CREATE_DATE,CREATE_USER,SYS_MOD_COUNT) values (8,'catcat','ZxTGbgdnjPFjsPTmeLYQTnu0S4hmbCxdFw7eE4yyaH4=','catdogcat','cat','cat@cat.com',null,PARSEDATETIME('2011-08-22-12.59.02.330','yyyy-MM-dd-HH.mm.ss.SSS'),'horsey',PARSEDATETIME('2011-04-20-15.05.52.951','yyyy-MM-dd-HH.mm.ss.SSS'),'catcat',5);
Insert into PCKM_USER (USER_GUID,USER_ID,USER_PASS,FIRST_NAME,LAST_NAME,EMAIL_ADDR,THEME_ID,LAST_UPDATE_DATE,LAST_UPDATE_USER,CREATE_DATE,CREATE_USER,SYS_MOD_COUNT) values (13,'Wezizzle','Y2tp5SN86+gWFymM1YmQy83+bsvuiECcZdDpG/Hn50E=','Wes','Nichols','wes@wes.com',11,PARSEDATETIME('2011-08-22-13.00.12.903','yyyy-MM-dd-HH.mm.ss.SSS'),'BassettHnd',PARSEDATETIME('2011-06-29-15.04.37.371','yyyy-MM-dd-HH.mm.ss.SSS'),'dogdog',6);
Insert into PCKM_USER (USER_GUID,USER_ID,USER_PASS,FIRST_NAME,LAST_NAME,EMAIL_ADDR,THEME_ID,LAST_UPDATE_DATE,LAST_UPDATE_USER,CREATE_DATE,CREATE_USER,SYS_MOD_COUNT) values (9,'horsey','gHccf7Mz9qlOiSpG+bKFvuVlU3ZxgdYCBLt1+FJRTDs=','horse','ofcourse','horse@horse.com',1,PARSEDATETIME('2011-08-22-12.59.55.554','yyyy-MM-dd-HH.mm.ss.SSS'),'BassettHnd',PARSEDATETIME('2011-05-10-12.30.43.769','yyyy-MM-dd-HH.mm.ss.SSS'),'dogdog',5);

--REM INSERTING into PCKM_GROUP
Insert into PCKM_GROUP (GROUP_ID,GROUP_NAME,LAST_UPDATE_DATE,LAST_UPDATE_USER,CREATE_DATE,CREATE_USER,SYS_MOD_COUNT) values (1,'manager',PARSEDATETIME('2011-08-22-12.59.13.046','yyyy-MM-dd-HH.mm.ss.SSS'),'horsey',PARSEDATETIME('2011-04-20-14.50.09.500','yyyy-MM-dd-HH.mm.ss.SSS'),'dogdog',0);
Insert into PCKM_GROUP (GROUP_ID,GROUP_NAME,LAST_UPDATE_DATE,LAST_UPDATE_USER,CREATE_DATE,CREATE_USER,SYS_MOD_COUNT) values (2,'player',PARSEDATETIME('2011-08-22-12.59.13.046','yyyy-MM-dd-HH.mm.ss.SSS'),'horsey',PARSEDATETIME('2011-04-20-14.50.09.500','yyyy-MM-dd-HH.mm.ss.SSS'),'dogdog',0);

--REM INSERTING into PCKM_USER_GROUP
Insert into PCKM_USER_GROUP (USER_GROUP_ID,USER_GUID,GROUP_ID,LAST_UPDATE_DATE,LAST_UPDATE_USER,CREATE_DATE,CREATE_USER,SYS_MOD_COUNT) values (7,7,2,PARSEDATETIME('2011-04-20-14.50.09.505','yyyy-MM-dd-HH.mm.ss.SSS'),'dogdog',PARSEDATETIME('2011-04-20-14.50.09.505','yyyy-MM-dd-HH.mm.ss.SSS'),'dogdog',0);
Insert into PCKM_USER_GROUP (USER_GROUP_ID,USER_GUID,GROUP_ID,LAST_UPDATE_DATE,LAST_UPDATE_USER,CREATE_DATE,CREATE_USER,SYS_MOD_COUNT) values (11,10,2,PARSEDATETIME('2011-06-27-15.43.18.042','yyyy-MM-dd-HH.mm.ss.SSS'),'dogdog',PARSEDATETIME('2011-06-27-15.43.18.042','yyyy-MM-dd-HH.mm.ss.SSS'),'dogdog',0);
Insert into PCKM_USER_GROUP (USER_GROUP_ID,USER_GUID,GROUP_ID,LAST_UPDATE_DATE,LAST_UPDATE_USER,CREATE_DATE,CREATE_USER,SYS_MOD_COUNT) values (25,13,2,PARSEDATETIME('2011-07-19-10.01.11.553','yyyy-MM-dd-HH.mm.ss.SSS'),'dogdog',PARSEDATETIME('2011-07-19-10.01.11.553','yyyy-MM-dd-HH.mm.ss.SSS'),'dogdog',0);
Insert into PCKM_USER_GROUP (USER_GROUP_ID,USER_GUID,GROUP_ID,LAST_UPDATE_DATE,LAST_UPDATE_USER,CREATE_DATE,CREATE_USER,SYS_MOD_COUNT) values (24,8,2,PARSEDATETIME('2011-07-19-10.00.48.840','yyyy-MM-dd-HH.mm.ss.SSS'),'dogdog',PARSEDATETIME('2011-07-19-10.00.48.840','yyyy-MM-dd-HH.mm.ss.SSS'),'dogdog',0);
Insert into PCKM_USER_GROUP (USER_GROUP_ID,USER_GUID,GROUP_ID,LAST_UPDATE_DATE,LAST_UPDATE_USER,CREATE_DATE,CREATE_USER,SYS_MOD_COUNT) values (22,10,1,PARSEDATETIME('2011-07-19-09.13.17.940','yyyy-MM-dd-HH.mm.ss.SSS'),'dogdog',PARSEDATETIME('2011-07-19-09.13.17.940','yyyy-MM-dd-HH.mm.ss.SSS'),'dogdog',0);
Insert into PCKM_USER_GROUP (USER_GROUP_ID,USER_GUID,GROUP_ID,LAST_UPDATE_DATE,LAST_UPDATE_USER,CREATE_DATE,CREATE_USER,SYS_MOD_COUNT) values (10,9,2,PARSEDATETIME('2011-05-10-12.30.43.908','yyyy-MM-dd-HH.mm.ss.SSS'),'dogdog',PARSEDATETIME('2011-05-10-12.30.43.908','yyyy-MM-dd-HH.mm.ss.SSS'),'dogdog',0);
Insert into PCKM_USER_GROUP (USER_GROUP_ID,USER_GUID,GROUP_ID,LAST_UPDATE_DATE,LAST_UPDATE_USER,CREATE_DATE,CREATE_USER,SYS_MOD_COUNT) values (9,7,1,PARSEDATETIME('2011-04-21-09.34.51.055','yyyy-MM-dd-HH.mm.ss.SSS'),'dogdog',PARSEDATETIME('2011-04-21-09.34.51.055','yyyy-MM-dd-HH.mm.ss.SSS'),'dogdog',0);

--REM INSERTING into PCKM_MATCHUP
Insert into PCKM_MATCHUP (MATCHUP_ID,SEASON_WEEK_ID,VENUE_ID,MATCHUP_DATE,HOME_TEAM_ID,AWAY_TEAM_ID,HOME_TEAM_SCORE,AWAY_TEAM_SCORE,LAST_UPDATE_DATE,LAST_UPDATE_USER,CREATE_DATE,CREATE_USER,SYS_MOD_COUNT) values (2,2,1,PARSEDATETIME('2011-09-03','yyyy-MM-dd'),1,13,null,null,PARSEDATETIME('2011-08-08-14.44.59.987','yyyy-MM-dd-HH.mm.ss.SSS'),'dogdog',PARSEDATETIME('2011-07-25-12.03.14.171','yyyy-MM-dd-HH.mm.ss.SSS'),'dogdog',9);
Insert into PCKM_MATCHUP (MATCHUP_ID,SEASON_WEEK_ID,VENUE_ID,MATCHUP_DATE,HOME_TEAM_ID,AWAY_TEAM_ID,HOME_TEAM_SCORE,AWAY_TEAM_SCORE,LAST_UPDATE_DATE,LAST_UPDATE_USER,CREATE_DATE,CREATE_USER,SYS_MOD_COUNT) values (14,2,7,PARSEDATETIME('2011-09-03','yyyy-MM-dd'),2,17,null,null,PARSEDATETIME('2011-08-08-14.40.12.938','yyyy-MM-dd-HH.mm.ss.SSS'),'dogdog',PARSEDATETIME('2011-07-25-14.05.54.187','yyyy-MM-dd-HH.mm.ss.SSS'),'dogdog',3);
Insert into PCKM_MATCHUP (MATCHUP_ID,SEASON_WEEK_ID,VENUE_ID,MATCHUP_DATE,HOME_TEAM_ID,AWAY_TEAM_ID,HOME_TEAM_SCORE,AWAY_TEAM_SCORE,LAST_UPDATE_DATE,LAST_UPDATE_USER,CREATE_DATE,CREATE_USER,SYS_MOD_COUNT) values (15,3,8,PARSEDATETIME('2011-09-10','yyyy-MM-dd'),2,18,null,null,PARSEDATETIME('2011-07-25-14.06.55.152','yyyy-MM-dd-HH.mm.ss.SSS'),'dogdog',PARSEDATETIME('2011-07-25-14.06.55.152','yyyy-MM-dd-HH.mm.ss.SSS'),'dogdog',0);
Insert into PCKM_MATCHUP (MATCHUP_ID,SEASON_WEEK_ID,VENUE_ID,MATCHUP_DATE,HOME_TEAM_ID,AWAY_TEAM_ID,HOME_TEAM_SCORE,AWAY_TEAM_SCORE,LAST_UPDATE_DATE,LAST_UPDATE_USER,CREATE_DATE,CREATE_USER,SYS_MOD_COUNT) values (16,4,7,PARSEDATETIME('2011-09-17','yyyy-MM-dd'),2,19,null,null,PARSEDATETIME('2011-07-25-14.14.31.935','yyyy-MM-dd-HH.mm.ss.SSS'),'dogdog',PARSEDATETIME('2011-07-25-14.14.31.935','yyyy-MM-dd-HH.mm.ss.SSS'),'dogdog',0);
Insert into PCKM_MATCHUP (MATCHUP_ID,SEASON_WEEK_ID,VENUE_ID,MATCHUP_DATE,HOME_TEAM_ID,AWAY_TEAM_ID,HOME_TEAM_SCORE,AWAY_TEAM_SCORE,LAST_UPDATE_DATE,LAST_UPDATE_USER,CREATE_DATE,CREATE_USER,SYS_MOD_COUNT) values (17,6,9,PARSEDATETIME('2011-10-01','yyyy-MM-dd'),20,2,null,null,PARSEDATETIME('2011-07-25-14.15.21.699','yyyy-MM-dd-HH.mm.ss.SSS'),'dogdog',PARSEDATETIME('2011-07-25-14.15.21.699','yyyy-MM-dd-HH.mm.ss.SSS'),'dogdog',0);
Insert into PCKM_MATCHUP (MATCHUP_ID,SEASON_WEEK_ID,VENUE_ID,MATCHUP_DATE,HOME_TEAM_ID,AWAY_TEAM_ID,HOME_TEAM_SCORE,AWAY_TEAM_SCORE,LAST_UPDATE_DATE,LAST_UPDATE_USER,CREATE_DATE,CREATE_USER,SYS_MOD_COUNT) values (18,7,7,PARSEDATETIME('2011-10-08','yyyy-MM-dd'),2,3,null,null,PARSEDATETIME('2011-07-25-14.16.05.707','yyyy-MM-dd-HH.mm.ss.SSS'),'dogdog',PARSEDATETIME('2011-07-25-14.16.05.707','yyyy-MM-dd-HH.mm.ss.SSS'),'dogdog',0);
Insert into PCKM_MATCHUP (MATCHUP_ID,SEASON_WEEK_ID,VENUE_ID,MATCHUP_DATE,HOME_TEAM_ID,AWAY_TEAM_ID,HOME_TEAM_SCORE,AWAY_TEAM_SCORE,LAST_UPDATE_DATE,LAST_UPDATE_USER,CREATE_DATE,CREATE_USER,SYS_MOD_COUNT) values (19,9,4,PARSEDATETIME('2011-10-22','yyyy-MM-dd'),8,2,null,null,PARSEDATETIME('2011-07-25-14.16.52.289','yyyy-MM-dd-HH.mm.ss.SSS'),'dogdog',PARSEDATETIME('2011-07-25-14.16.52.289','yyyy-MM-dd-HH.mm.ss.SSS'),'dogdog',0);
Insert into PCKM_MATCHUP (MATCHUP_ID,SEASON_WEEK_ID,VENUE_ID,MATCHUP_DATE,HOME_TEAM_ID,AWAY_TEAM_ID,HOME_TEAM_SCORE,AWAY_TEAM_SCORE,LAST_UPDATE_DATE,LAST_UPDATE_USER,CREATE_DATE,CREATE_USER,SYS_MOD_COUNT) values (20,10,10,PARSEDATETIME('2011-10-29','yyyy-MM-dd'),12,2,null,null,PARSEDATETIME('2011-07-25-14.17.21.773','yyyy-MM-dd-HH.mm.ss.SSS'),'dogdog',PARSEDATETIME('2011-07-25-14.17.21.773','yyyy-MM-dd-HH.mm.ss.SSS'),'dogdog',0);
Insert into PCKM_MATCHUP (MATCHUP_ID,SEASON_WEEK_ID,VENUE_ID,MATCHUP_DATE,HOME_TEAM_ID,AWAY_TEAM_ID,HOME_TEAM_SCORE,AWAY_TEAM_SCORE,LAST_UPDATE_DATE,LAST_UPDATE_USER,CREATE_DATE,CREATE_USER,SYS_MOD_COUNT) values (21,11,7,PARSEDATETIME('2011-11-05','yyyy-MM-dd'),2,10,null,null,PARSEDATETIME('2011-07-25-14.18.01.053','yyyy-MM-dd-HH.mm.ss.SSS'),'dogdog',PARSEDATETIME('2011-07-25-14.18.01.053','yyyy-MM-dd-HH.mm.ss.SSS'),'dogdog',0);
Insert into PCKM_MATCHUP (MATCHUP_ID,SEASON_WEEK_ID,VENUE_ID,MATCHUP_DATE,HOME_TEAM_ID,AWAY_TEAM_ID,HOME_TEAM_SCORE,AWAY_TEAM_SCORE,LAST_UPDATE_DATE,LAST_UPDATE_USER,CREATE_DATE,CREATE_USER,SYS_MOD_COUNT) values (22,12,7,PARSEDATETIME('2011-11-12','yyyy-MM-dd'),2,11,null,null,PARSEDATETIME('2011-07-25-14.18.33.408','yyyy-MM-dd-HH.mm.ss.SSS'),'dogdog',PARSEDATETIME('2011-07-25-14.18.33.408','yyyy-MM-dd-HH.mm.ss.SSS'),'dogdog',0);
Insert into PCKM_MATCHUP (MATCHUP_ID,SEASON_WEEK_ID,VENUE_ID,MATCHUP_DATE,HOME_TEAM_ID,AWAY_TEAM_ID,HOME_TEAM_SCORE,AWAY_TEAM_SCORE,LAST_UPDATE_DATE,LAST_UPDATE_USER,CREATE_DATE,CREATE_USER,SYS_MOD_COUNT) values (23,13,8,PARSEDATETIME('2011-11-19','yyyy-MM-dd'),2,9,null,null,PARSEDATETIME('2011-07-25-14.19.12.377','yyyy-MM-dd-HH.mm.ss.SSS'),'dogdog',PARSEDATETIME('2011-07-25-14.19.12.377','yyyy-MM-dd-HH.mm.ss.SSS'),'dogdog',0);
Insert into PCKM_MATCHUP (MATCHUP_ID,SEASON_WEEK_ID,VENUE_ID,MATCHUP_DATE,HOME_TEAM_ID,AWAY_TEAM_ID,HOME_TEAM_SCORE,AWAY_TEAM_SCORE,LAST_UPDATE_DATE,LAST_UPDATE_USER,CREATE_DATE,CREATE_USER,SYS_MOD_COUNT) values (24,14,11,PARSEDATETIME('2011-11-25','yyyy-MM-dd'),7,2,null,null,PARSEDATETIME('2011-07-25-14.19.57.632','yyyy-MM-dd-HH.mm.ss.SSS'),'dogdog',PARSEDATETIME('2011-07-25-14.19.57.632','yyyy-MM-dd-HH.mm.ss.SSS'),'dogdog',0);
Insert into PCKM_MATCHUP (MATCHUP_ID,SEASON_WEEK_ID,VENUE_ID,MATCHUP_DATE,HOME_TEAM_ID,AWAY_TEAM_ID,HOME_TEAM_SCORE,AWAY_TEAM_SCORE,LAST_UPDATE_DATE,LAST_UPDATE_USER,CREATE_DATE,CREATE_USER,SYS_MOD_COUNT) values (25,2,6,PARSEDATETIME('2011-09-03','yyyy-MM-dd'),3,21,null,null,PARSEDATETIME('2011-07-25-14.20.48.831','yyyy-MM-dd-HH.mm.ss.SSS'),'dogdog',PARSEDATETIME('2011-07-25-14.20.48.831','yyyy-MM-dd-HH.mm.ss.SSS'),'dogdog',0);
Insert into PCKM_MATCHUP (MATCHUP_ID,SEASON_WEEK_ID,VENUE_ID,MATCHUP_DATE,HOME_TEAM_ID,AWAY_TEAM_ID,HOME_TEAM_SCORE,AWAY_TEAM_SCORE,LAST_UPDATE_DATE,LAST_UPDATE_USER,CREATE_DATE,CREATE_USER,SYS_MOD_COUNT) values (26,3,6,PARSEDATETIME('2011-09-10','yyyy-MM-dd'),3,9,null,null,PARSEDATETIME('2011-07-25-14.21.21.669','yyyy-MM-dd-HH.mm.ss.SSS'),'dogdog',PARSEDATETIME('2011-07-25-14.21.21.669','yyyy-MM-dd-HH.mm.ss.SSS'),'dogdog',0);
Insert into PCKM_MATCHUP (MATCHUP_ID,SEASON_WEEK_ID,VENUE_ID,MATCHUP_DATE,HOME_TEAM_ID,AWAY_TEAM_ID,HOME_TEAM_SCORE,AWAY_TEAM_SCORE,LAST_UPDATE_DATE,LAST_UPDATE_USER,CREATE_DATE,CREATE_USER,SYS_MOD_COUNT) values (27,4,12,PARSEDATETIME('2011-09-17','yyyy-MM-dd'),22,3,null,null,PARSEDATETIME('2011-07-25-14.21.49.812','yyyy-MM-dd-HH.mm.ss.SSS'),'dogdog',PARSEDATETIME('2011-07-25-14.21.49.812','yyyy-MM-dd-HH.mm.ss.SSS'),'dogdog',0);
Insert into PCKM_MATCHUP (MATCHUP_ID,SEASON_WEEK_ID,VENUE_ID,MATCHUP_DATE,HOME_TEAM_ID,AWAY_TEAM_ID,HOME_TEAM_SCORE,AWAY_TEAM_SCORE,LAST_UPDATE_DATE,LAST_UPDATE_USER,CREATE_DATE,CREATE_USER,SYS_MOD_COUNT) values (28,5,6,PARSEDATETIME('2011-09-24','yyyy-MM-dd'),3,23,null,null,PARSEDATETIME('2011-07-25-14.22.25.926','yyyy-MM-dd-HH.mm.ss.SSS'),'dogdog',PARSEDATETIME('2011-07-25-14.22.25.926','yyyy-MM-dd-HH.mm.ss.SSS'),'dogdog',0);
Insert into PCKM_MATCHUP (MATCHUP_ID,SEASON_WEEK_ID,VENUE_ID,MATCHUP_DATE,HOME_TEAM_ID,AWAY_TEAM_ID,HOME_TEAM_SCORE,AWAY_TEAM_SCORE,LAST_UPDATE_DATE,LAST_UPDATE_USER,CREATE_DATE,CREATE_USER,SYS_MOD_COUNT) values (29,6,13,PARSEDATETIME('2011-10-01','yyyy-MM-dd'),10,3,null,null,PARSEDATETIME('2011-07-25-14.23.19.871','yyyy-MM-dd-HH.mm.ss.SSS'),'dogdog',PARSEDATETIME('2011-07-25-14.23.19.871','yyyy-MM-dd-HH.mm.ss.SSS'),'dogdog',0);
Insert into PCKM_MATCHUP (MATCHUP_ID,SEASON_WEEK_ID,VENUE_ID,MATCHUP_DATE,HOME_TEAM_ID,AWAY_TEAM_ID,HOME_TEAM_SCORE,AWAY_TEAM_SCORE,LAST_UPDATE_DATE,LAST_UPDATE_USER,CREATE_DATE,CREATE_USER,SYS_MOD_COUNT) values (30,8,6,PARSEDATETIME('2011-10-15','yyyy-MM-dd'),3,4,null,null,PARSEDATETIME('2011-07-25-14.24.23.207','yyyy-MM-dd-HH.mm.ss.SSS'),'dogdog',PARSEDATETIME('2011-07-25-14.24.23.207','yyyy-MM-dd-HH.mm.ss.SSS'),'dogdog',0);
Insert into PCKM_MATCHUP (MATCHUP_ID,SEASON_WEEK_ID,VENUE_ID,MATCHUP_DATE,HOME_TEAM_ID,AWAY_TEAM_ID,HOME_TEAM_SCORE,AWAY_TEAM_SCORE,LAST_UPDATE_DATE,LAST_UPDATE_USER,CREATE_DATE,CREATE_USER,SYS_MOD_COUNT) values (31,9,11,PARSEDATETIME('2011-10-22','yyyy-MM-dd'),7,3,null,null,PARSEDATETIME('2011-07-25-14.25.25.529','yyyy-MM-dd-HH.mm.ss.SSS'),'dogdog',PARSEDATETIME('2011-07-25-14.25.25.529','yyyy-MM-dd-HH.mm.ss.SSS'),'dogdog',0);
Insert into PCKM_MATCHUP (MATCHUP_ID,SEASON_WEEK_ID,VENUE_ID,MATCHUP_DATE,HOME_TEAM_ID,AWAY_TEAM_ID,HOME_TEAM_SCORE,AWAY_TEAM_SCORE,LAST_UPDATE_DATE,LAST_UPDATE_USER,CREATE_DATE,CREATE_USER,SYS_MOD_COUNT) values (32,10,6,PARSEDATETIME('2011-10-29','yyyy-MM-dd'),3,8,null,null,PARSEDATETIME('2011-07-25-14.25.58.991','yyyy-MM-dd-HH.mm.ss.SSS'),'dogdog',PARSEDATETIME('2011-07-25-14.25.58.991','yyyy-MM-dd-HH.mm.ss.SSS'),'dogdog',0);
Insert into PCKM_MATCHUP (MATCHUP_ID,SEASON_WEEK_ID,VENUE_ID,MATCHUP_DATE,HOME_TEAM_ID,AWAY_TEAM_ID,HOME_TEAM_SCORE,AWAY_TEAM_SCORE,LAST_UPDATE_DATE,LAST_UPDATE_USER,CREATE_DATE,CREATE_USER,SYS_MOD_COUNT) values (33,12,14,PARSEDATETIME('2011-11-12','yyyy-MM-dd'),5,3,null,null,PARSEDATETIME('2011-07-25-14.26.54.776','yyyy-MM-dd-HH.mm.ss.SSS'),'dogdog',PARSEDATETIME('2011-07-25-14.26.54.776','yyyy-MM-dd-HH.mm.ss.SSS'),'dogdog',0);
Insert into PCKM_MATCHUP (MATCHUP_ID,SEASON_WEEK_ID,VENUE_ID,MATCHUP_DATE,HOME_TEAM_ID,AWAY_TEAM_ID,HOME_TEAM_SCORE,AWAY_TEAM_SCORE,LAST_UPDATE_DATE,LAST_UPDATE_USER,CREATE_DATE,CREATE_USER,SYS_MOD_COUNT) values (34,13,6,PARSEDATETIME('2011-11-19','yyyy-MM-dd'),3,24,null,null,PARSEDATETIME('2011-07-25-14.27.34.868','yyyy-MM-dd-HH.mm.ss.SSS'),'dogdog',PARSEDATETIME('2011-07-25-14.27.34.868','yyyy-MM-dd-HH.mm.ss.SSS'),'dogdog',0);
Insert into PCKM_MATCHUP (MATCHUP_ID,SEASON_WEEK_ID,VENUE_ID,MATCHUP_DATE,HOME_TEAM_ID,AWAY_TEAM_ID,HOME_TEAM_SCORE,AWAY_TEAM_SCORE,LAST_UPDATE_DATE,LAST_UPDATE_USER,CREATE_DATE,CREATE_USER,SYS_MOD_COUNT) values (35,2,3,PARSEDATETIME('2011-09-03','yyyy-MM-dd'),4,23,null,null,PARSEDATETIME('2011-07-25-14.28.17.160','yyyy-MM-dd-HH.mm.ss.SSS'),'dogdog',PARSEDATETIME('2011-07-25-14.28.17.160','yyyy-MM-dd-HH.mm.ss.SSS'),'dogdog',0);
Insert into PCKM_MATCHUP (MATCHUP_ID,SEASON_WEEK_ID,VENUE_ID,MATCHUP_DATE,HOME_TEAM_ID,AWAY_TEAM_ID,HOME_TEAM_SCORE,AWAY_TEAM_SCORE,LAST_UPDATE_DATE,LAST_UPDATE_USER,CREATE_DATE,CREATE_USER,SYS_MOD_COUNT) values (36,3,3,PARSEDATETIME('2011-09-10','yyyy-MM-dd'),4,25,null,null,PARSEDATETIME('2011-07-25-14.28.46.191','yyyy-MM-dd-HH.mm.ss.SSS'),'dogdog',PARSEDATETIME('2011-07-25-14.28.46.191','yyyy-MM-dd-HH.mm.ss.SSS'),'dogdog',0);
Insert into PCKM_MATCHUP (MATCHUP_ID,SEASON_WEEK_ID,VENUE_ID,MATCHUP_DATE,HOME_TEAM_ID,AWAY_TEAM_ID,HOME_TEAM_SCORE,AWAY_TEAM_SCORE,LAST_UPDATE_DATE,LAST_UPDATE_USER,CREATE_DATE,CREATE_USER,SYS_MOD_COUNT) values (37,4,3,PARSEDATETIME('2011-09-17','yyyy-MM-dd'),4,11,null,null,PARSEDATETIME('2011-07-25-14.29.23.553','yyyy-MM-dd-HH.mm.ss.SSS'),'dogdog',PARSEDATETIME('2011-07-25-14.29.23.553','yyyy-MM-dd-HH.mm.ss.SSS'),'dogdog',0);
Insert into PCKM_MATCHUP (MATCHUP_ID,SEASON_WEEK_ID,VENUE_ID,MATCHUP_DATE,HOME_TEAM_ID,AWAY_TEAM_ID,HOME_TEAM_SCORE,AWAY_TEAM_SCORE,LAST_UPDATE_DATE,LAST_UPDATE_USER,CREATE_DATE,CREATE_USER,SYS_MOD_COUNT) values (38,5,15,PARSEDATETIME('2011-09-24','yyyy-MM-dd'),6,4,null,null,PARSEDATETIME('2011-07-25-14.29.53.630','yyyy-MM-dd-HH.mm.ss.SSS'),'dogdog',PARSEDATETIME('2011-07-25-14.29.53.630','yyyy-MM-dd-HH.mm.ss.SSS'),'dogdog',0);
Insert into PCKM_MATCHUP (MATCHUP_ID,SEASON_WEEK_ID,VENUE_ID,MATCHUP_DATE,HOME_TEAM_ID,AWAY_TEAM_ID,HOME_TEAM_SCORE,AWAY_TEAM_SCORE,LAST_UPDATE_DATE,LAST_UPDATE_USER,CREATE_DATE,CREATE_USER,SYS_MOD_COUNT) values (39,7,11,PARSEDATETIME('2011-10-08','yyyy-MM-dd'),7,4,null,null,PARSEDATETIME('2011-07-25-14.30.23.535','yyyy-MM-dd-HH.mm.ss.SSS'),'dogdog',PARSEDATETIME('2011-07-25-14.30.23.535','yyyy-MM-dd-HH.mm.ss.SSS'),'dogdog',0);
Insert into PCKM_MATCHUP (MATCHUP_ID,SEASON_WEEK_ID,VENUE_ID,MATCHUP_DATE,HOME_TEAM_ID,AWAY_TEAM_ID,HOME_TEAM_SCORE,AWAY_TEAM_SCORE,LAST_UPDATE_DATE,LAST_UPDATE_USER,CREATE_DATE,CREATE_USER,SYS_MOD_COUNT) values (40,10,16,PARSEDATETIME('2011-10-29','yyyy-MM-dd'),4,5,null,null,PARSEDATETIME('2011-07-25-14.41.32.183','yyyy-MM-dd-HH.mm.ss.SSS'),'dogdog',PARSEDATETIME('2011-07-25-14.41.32.183','yyyy-MM-dd-HH.mm.ss.SSS'),'dogdog',0);
Insert into PCKM_MATCHUP (MATCHUP_ID,SEASON_WEEK_ID,VENUE_ID,MATCHUP_DATE,HOME_TEAM_ID,AWAY_TEAM_ID,HOME_TEAM_SCORE,AWAY_TEAM_SCORE,LAST_UPDATE_DATE,LAST_UPDATE_USER,CREATE_DATE,CREATE_USER,SYS_MOD_COUNT) values (41,11,3,PARSEDATETIME('2011-11-05','yyyy-MM-dd'),4,12,null,null,PARSEDATETIME('2011-07-25-14.42.35.799','yyyy-MM-dd-HH.mm.ss.SSS'),'dogdog',PARSEDATETIME('2011-07-25-14.42.35.799','yyyy-MM-dd-HH.mm.ss.SSS'),'dogdog',0);
Insert into PCKM_MATCHUP (MATCHUP_ID,SEASON_WEEK_ID,VENUE_ID,MATCHUP_DATE,HOME_TEAM_ID,AWAY_TEAM_ID,HOME_TEAM_SCORE,AWAY_TEAM_SCORE,LAST_UPDATE_DATE,LAST_UPDATE_USER,CREATE_DATE,CREATE_USER,SYS_MOD_COUNT) values (42,12,13,PARSEDATETIME('2011-11-12','yyyy-MM-dd'),10,4,null,null,PARSEDATETIME('2011-07-25-14.43.07.249','yyyy-MM-dd-HH.mm.ss.SSS'),'dogdog',PARSEDATETIME('2011-07-25-14.43.07.249','yyyy-MM-dd-HH.mm.ss.SSS'),'dogdog',0);
Insert into PCKM_MATCHUP (MATCHUP_ID,SEASON_WEEK_ID,VENUE_ID,MATCHUP_DATE,HOME_TEAM_ID,AWAY_TEAM_ID,HOME_TEAM_SCORE,AWAY_TEAM_SCORE,LAST_UPDATE_DATE,LAST_UPDATE_USER,CREATE_DATE,CREATE_USER,SYS_MOD_COUNT) values (43,13,3,PARSEDATETIME('2011-11-19','yyyy-MM-dd'),4,26,null,null,PARSEDATETIME('2011-07-25-14.43.39.151','yyyy-MM-dd-HH.mm.ss.SSS'),'dogdog',PARSEDATETIME('2011-07-25-14.43.39.151','yyyy-MM-dd-HH.mm.ss.SSS'),'dogdog',0);
Insert into PCKM_MATCHUP (MATCHUP_ID,SEASON_WEEK_ID,VENUE_ID,MATCHUP_DATE,HOME_TEAM_ID,AWAY_TEAM_ID,HOME_TEAM_SCORE,AWAY_TEAM_SCORE,LAST_UPDATE_DATE,LAST_UPDATE_USER,CREATE_DATE,CREATE_USER,SYS_MOD_COUNT) values (44,14,3,PARSEDATETIME('2011-11-26','yyyy-MM-dd'),4,27,null,null,PARSEDATETIME('2011-07-25-14.44.06.872','yyyy-MM-dd-HH.mm.ss.SSS'),'dogdog',PARSEDATETIME('2011-07-25-14.44.06.872','yyyy-MM-dd-HH.mm.ss.SSS'),'dogdog',0);
Insert into PCKM_MATCHUP (MATCHUP_ID,SEASON_WEEK_ID,VENUE_ID,MATCHUP_DATE,HOME_TEAM_ID,AWAY_TEAM_ID,HOME_TEAM_SCORE,AWAY_TEAM_SCORE,LAST_UPDATE_DATE,LAST_UPDATE_USER,CREATE_DATE,CREATE_USER,SYS_MOD_COUNT) values (45,2,17,PARSEDATETIME('2011-09-03','yyyy-MM-dd'),5,28,null,null,PARSEDATETIME('2011-07-25-14.49.58.808','yyyy-MM-dd-HH.mm.ss.SSS'),'dogdog',PARSEDATETIME('2011-07-25-14.49.58.808','yyyy-MM-dd-HH.mm.ss.SSS'),'dogdog',0);
Insert into PCKM_MATCHUP (MATCHUP_ID,SEASON_WEEK_ID,VENUE_ID,MATCHUP_DATE,HOME_TEAM_ID,AWAY_TEAM_ID,HOME_TEAM_SCORE,AWAY_TEAM_SCORE,LAST_UPDATE_DATE,LAST_UPDATE_USER,CREATE_DATE,CREATE_USER,SYS_MOD_COUNT) values (46,3,14,PARSEDATETIME('2011-09-10','yyyy-MM-dd'),5,10,null,null,PARSEDATETIME('2011-07-25-14.50.26.077','yyyy-MM-dd-HH.mm.ss.SSS'),'dogdog',PARSEDATETIME('2011-07-25-14.50.26.077','yyyy-MM-dd-HH.mm.ss.SSS'),'dogdog',0);
Insert into PCKM_MATCHUP (MATCHUP_ID,SEASON_WEEK_ID,VENUE_ID,MATCHUP_DATE,HOME_TEAM_ID,AWAY_TEAM_ID,HOME_TEAM_SCORE,AWAY_TEAM_SCORE,LAST_UPDATE_DATE,LAST_UPDATE_USER,CREATE_DATE,CREATE_USER,SYS_MOD_COUNT) values (47,4,14,PARSEDATETIME('2011-09-17','yyyy-MM-dd'),5,29,null,null,PARSEDATETIME('2011-07-25-14.50.59.305','yyyy-MM-dd-HH.mm.ss.SSS'),'dogdog',PARSEDATETIME('2011-07-25-14.50.59.305','yyyy-MM-dd-HH.mm.ss.SSS'),'dogdog',0);
Insert into PCKM_MATCHUP (MATCHUP_ID,SEASON_WEEK_ID,VENUE_ID,MATCHUP_DATE,HOME_TEAM_ID,AWAY_TEAM_ID,HOME_TEAM_SCORE,AWAY_TEAM_SCORE,LAST_UPDATE_DATE,LAST_UPDATE_USER,CREATE_DATE,CREATE_USER,SYS_MOD_COUNT) values (48,5,4,PARSEDATETIME('2011-09-24','yyyy-MM-dd'),8,5,null,null,PARSEDATETIME('2011-07-25-14.51.26.293','yyyy-MM-dd-HH.mm.ss.SSS'),'dogdog',PARSEDATETIME('2011-07-25-14.51.26.293','yyyy-MM-dd-HH.mm.ss.SSS'),'dogdog',0);
Insert into PCKM_MATCHUP (MATCHUP_ID,SEASON_WEEK_ID,VENUE_ID,MATCHUP_DATE,HOME_TEAM_ID,AWAY_TEAM_ID,HOME_TEAM_SCORE,AWAY_TEAM_SCORE,LAST_UPDATE_DATE,LAST_UPDATE_USER,CREATE_DATE,CREATE_USER,SYS_MOD_COUNT) values (49,6,14,PARSEDATETIME('2011-10-01','yyyy-MM-dd'),5,9,null,null,PARSEDATETIME('2011-07-25-14.52.13.748','yyyy-MM-dd-HH.mm.ss.SSS'),'dogdog',PARSEDATETIME('2011-07-25-14.52.13.748','yyyy-MM-dd-HH.mm.ss.SSS'),'dogdog',0);
Insert into PCKM_MATCHUP (MATCHUP_ID,SEASON_WEEK_ID,VENUE_ID,MATCHUP_DATE,HOME_TEAM_ID,AWAY_TEAM_ID,HOME_TEAM_SCORE,AWAY_TEAM_SCORE,LAST_UPDATE_DATE,LAST_UPDATE_USER,CREATE_DATE,CREATE_USER,SYS_MOD_COUNT) values (50,7,18,PARSEDATETIME('2011-10-08','yyyy-MM-dd'),11,5,null,null,PARSEDATETIME('2011-07-25-14.52.46.149','yyyy-MM-dd-HH.mm.ss.SSS'),'dogdog',PARSEDATETIME('2011-07-25-14.52.46.149','yyyy-MM-dd-HH.mm.ss.SSS'),'dogdog',0);
Insert into PCKM_MATCHUP (MATCHUP_ID,SEASON_WEEK_ID,VENUE_ID,MATCHUP_DATE,HOME_TEAM_ID,AWAY_TEAM_ID,HOME_TEAM_SCORE,AWAY_TEAM_SCORE,LAST_UPDATE_DATE,LAST_UPDATE_USER,CREATE_DATE,CREATE_USER,SYS_MOD_COUNT) values (51,8,10,PARSEDATETIME('2011-10-15','yyyy-MM-dd'),12,5,null,null,PARSEDATETIME('2011-07-25-14.53.17.958','yyyy-MM-dd-HH.mm.ss.SSS'),'dogdog',PARSEDATETIME('2011-07-25-14.53.17.958','yyyy-MM-dd-HH.mm.ss.SSS'),'dogdog',0);
Insert into PCKM_MATCHUP (MATCHUP_ID,SEASON_WEEK_ID,VENUE_ID,MATCHUP_DATE,HOME_TEAM_ID,AWAY_TEAM_ID,HOME_TEAM_SCORE,AWAY_TEAM_SCORE,LAST_UPDATE_DATE,LAST_UPDATE_USER,CREATE_DATE,CREATE_USER,SYS_MOD_COUNT) values (52,11,14,PARSEDATETIME('2011-11-05','yyyy-MM-dd'),5,30,null,null,PARSEDATETIME('2011-07-25-14.54.01.575','yyyy-MM-dd-HH.mm.ss.SSS'),'dogdog',PARSEDATETIME('2011-07-25-14.54.01.575','yyyy-MM-dd-HH.mm.ss.SSS'),'dogdog',0);
Insert into PCKM_MATCHUP (MATCHUP_ID,SEASON_WEEK_ID,VENUE_ID,MATCHUP_DATE,HOME_TEAM_ID,AWAY_TEAM_ID,HOME_TEAM_SCORE,AWAY_TEAM_SCORE,LAST_UPDATE_DATE,LAST_UPDATE_USER,CREATE_DATE,CREATE_USER,SYS_MOD_COUNT) values (53,13,14,PARSEDATETIME('2011-11-19','yyyy-MM-dd'),5,6,null,null,PARSEDATETIME('2011-07-25-14.54.32.120','yyyy-MM-dd-HH.mm.ss.SSS'),'dogdog',PARSEDATETIME('2011-07-25-14.54.32.120','yyyy-MM-dd-HH.mm.ss.SSS'),'dogdog',0);
Insert into PCKM_MATCHUP (MATCHUP_ID,SEASON_WEEK_ID,VENUE_ID,MATCHUP_DATE,HOME_TEAM_ID,AWAY_TEAM_ID,HOME_TEAM_SCORE,AWAY_TEAM_SCORE,LAST_UPDATE_DATE,LAST_UPDATE_USER,CREATE_DATE,CREATE_USER,SYS_MOD_COUNT) values (54,14,19,PARSEDATETIME('2011-11-26','yyyy-MM-dd'),31,5,null,null,PARSEDATETIME('2011-07-25-14.54.55.629','yyyy-MM-dd-HH.mm.ss.SSS'),'dogdog',PARSEDATETIME('2011-07-25-14.54.55.629','yyyy-MM-dd-HH.mm.ss.SSS'),'dogdog',0);
Insert into PCKM_MATCHUP (MATCHUP_ID,SEASON_WEEK_ID,VENUE_ID,MATCHUP_DATE,HOME_TEAM_ID,AWAY_TEAM_ID,HOME_TEAM_SCORE,AWAY_TEAM_SCORE,LAST_UPDATE_DATE,LAST_UPDATE_USER,CREATE_DATE,CREATE_USER,SYS_MOD_COUNT) values (55,2,20,PARSEDATETIME('2011-09-01','yyyy-MM-dd'),32,6,null,null,PARSEDATETIME('2011-07-25-14.56.32.334','yyyy-MM-dd-HH.mm.ss.SSS'),'dogdog',PARSEDATETIME('2011-07-25-14.56.32.334','yyyy-MM-dd-HH.mm.ss.SSS'),'dogdog',0);
Insert into PCKM_MATCHUP (MATCHUP_ID,SEASON_WEEK_ID,VENUE_ID,MATCHUP_DATE,HOME_TEAM_ID,AWAY_TEAM_ID,HOME_TEAM_SCORE,AWAY_TEAM_SCORE,LAST_UPDATE_DATE,LAST_UPDATE_USER,CREATE_DATE,CREATE_USER,SYS_MOD_COUNT) values (56,3,15,PARSEDATETIME('2011-09-10','yyyy-MM-dd'),6,33,null,null,PARSEDATETIME('2011-07-25-14.59.31.671','yyyy-MM-dd-HH.mm.ss.SSS'),'dogdog',PARSEDATETIME('2011-07-25-14.59.31.671','yyyy-MM-dd-HH.mm.ss.SSS'),'dogdog',0);
Insert into PCKM_MATCHUP (MATCHUP_ID,SEASON_WEEK_ID,VENUE_ID,MATCHUP_DATE,HOME_TEAM_ID,AWAY_TEAM_ID,HOME_TEAM_SCORE,AWAY_TEAM_SCORE,LAST_UPDATE_DATE,LAST_UPDATE_USER,CREATE_DATE,CREATE_USER,SYS_MOD_COUNT) values (57,4,15,PARSEDATETIME('2011-09-17','yyyy-MM-dd'),6,34,null,null,PARSEDATETIME('2011-07-25-15.00.10.313','yyyy-MM-dd-HH.mm.ss.SSS'),'dogdog',PARSEDATETIME('2011-07-25-15.00.10.313','yyyy-MM-dd-HH.mm.ss.SSS'),'dogdog',0);
Insert into PCKM_MATCHUP (MATCHUP_ID,SEASON_WEEK_ID,VENUE_ID,MATCHUP_DATE,HOME_TEAM_ID,AWAY_TEAM_ID,HOME_TEAM_SCORE,AWAY_TEAM_SCORE,LAST_UPDATE_DATE,LAST_UPDATE_USER,CREATE_DATE,CREATE_USER,SYS_MOD_COUNT) values (58,6,11,PARSEDATETIME('2011-10-01','yyyy-MM-dd'),7,6,null,null,PARSEDATETIME('2011-07-25-15.01.33.710','yyyy-MM-dd-HH.mm.ss.SSS'),'dogdog',PARSEDATETIME('2011-07-25-15.01.33.710','yyyy-MM-dd-HH.mm.ss.SSS'),'dogdog',0);
Insert into PCKM_MATCHUP (MATCHUP_ID,SEASON_WEEK_ID,VENUE_ID,MATCHUP_DATE,HOME_TEAM_ID,AWAY_TEAM_ID,HOME_TEAM_SCORE,AWAY_TEAM_SCORE,LAST_UPDATE_DATE,LAST_UPDATE_USER,CREATE_DATE,CREATE_USER,SYS_MOD_COUNT) values (59,7,13,PARSEDATETIME('2011-10-08','yyyy-MM-dd'),10,6,null,null,PARSEDATETIME('2011-07-25-15.02.05.066','yyyy-MM-dd-HH.mm.ss.SSS'),'dogdog',PARSEDATETIME('2011-07-25-15.02.05.066','yyyy-MM-dd-HH.mm.ss.SSS'),'dogdog',0);
Insert into PCKM_MATCHUP (MATCHUP_ID,SEASON_WEEK_ID,VENUE_ID,MATCHUP_DATE,HOME_TEAM_ID,AWAY_TEAM_ID,HOME_TEAM_SCORE,AWAY_TEAM_SCORE,LAST_UPDATE_DATE,LAST_UPDATE_USER,CREATE_DATE,CREATE_USER,SYS_MOD_COUNT) values (60,9,15,PARSEDATETIME('2011-10-22','yyyy-MM-dd'),6,35,null,null,PARSEDATETIME('2011-07-25-15.02.37.904','yyyy-MM-dd-HH.mm.ss.SSS'),'dogdog',PARSEDATETIME('2011-07-25-15.02.37.904','yyyy-MM-dd-HH.mm.ss.SSS'),'dogdog',0);
Insert into PCKM_MATCHUP (MATCHUP_ID,SEASON_WEEK_ID,VENUE_ID,MATCHUP_DATE,HOME_TEAM_ID,AWAY_TEAM_ID,HOME_TEAM_SCORE,AWAY_TEAM_SCORE,LAST_UPDATE_DATE,LAST_UPDATE_USER,CREATE_DATE,CREATE_USER,SYS_MOD_COUNT) values (61,10,15,PARSEDATETIME('2011-10-29','yyyy-MM-dd'),6,9,null,null,PARSEDATETIME('2011-07-25-15.03.12.645','yyyy-MM-dd-HH.mm.ss.SSS'),'dogdog',PARSEDATETIME('2011-07-25-15.03.12.645','yyyy-MM-dd-HH.mm.ss.SSS'),'dogdog',0);
Insert into PCKM_MATCHUP (MATCHUP_ID,SEASON_WEEK_ID,VENUE_ID,MATCHUP_DATE,HOME_TEAM_ID,AWAY_TEAM_ID,HOME_TEAM_SCORE,AWAY_TEAM_SCORE,LAST_UPDATE_DATE,LAST_UPDATE_USER,CREATE_DATE,CREATE_USER,SYS_MOD_COUNT) values (62,11,15,PARSEDATETIME('2011-11-05','yyyy-MM-dd'),6,8,null,null,PARSEDATETIME('2011-07-25-15.03.51.115','yyyy-MM-dd-HH.mm.ss.SSS'),'dogdog',PARSEDATETIME('2011-07-25-15.03.51.115','yyyy-MM-dd-HH.mm.ss.SSS'),'dogdog',0);
Insert into PCKM_MATCHUP (MATCHUP_ID,SEASON_WEEK_ID,VENUE_ID,MATCHUP_DATE,HOME_TEAM_ID,AWAY_TEAM_ID,HOME_TEAM_SCORE,AWAY_TEAM_SCORE,LAST_UPDATE_DATE,LAST_UPDATE_USER,CREATE_DATE,CREATE_USER,SYS_MOD_COUNT) values (63,12,10,PARSEDATETIME('2011-11-12','yyyy-MM-dd'),12,6,null,null,PARSEDATETIME('2011-07-25-15.04.17.963','yyyy-MM-dd-HH.mm.ss.SSS'),'dogdog',PARSEDATETIME('2011-07-25-15.04.17.963','yyyy-MM-dd-HH.mm.ss.SSS'),'dogdog',0);
Insert into PCKM_MATCHUP (MATCHUP_ID,SEASON_WEEK_ID,VENUE_ID,MATCHUP_DATE,HOME_TEAM_ID,AWAY_TEAM_ID,HOME_TEAM_SCORE,AWAY_TEAM_SCORE,LAST_UPDATE_DATE,LAST_UPDATE_USER,CREATE_DATE,CREATE_USER,SYS_MOD_COUNT) values (64,14,15,PARSEDATETIME('2011-11-26','yyyy-MM-dd'),6,11,null,null,PARSEDATETIME('2011-07-25-15.04.42.345','yyyy-MM-dd-HH.mm.ss.SSS'),'dogdog',PARSEDATETIME('2011-07-25-15.04.42.345','yyyy-MM-dd-HH.mm.ss.SSS'),'dogdog',0);
Insert into PCKM_MATCHUP (MATCHUP_ID,SEASON_WEEK_ID,VENUE_ID,MATCHUP_DATE,HOME_TEAM_ID,AWAY_TEAM_ID,HOME_TEAM_SCORE,AWAY_TEAM_SCORE,LAST_UPDATE_DATE,LAST_UPDATE_USER,CREATE_DATE,CREATE_USER,SYS_MOD_COUNT) values (65,2,9,PARSEDATETIME('2011-09-03','yyyy-MM-dd'),7,36,null,null,PARSEDATETIME('2011-07-25-15.05.54.059','yyyy-MM-dd-HH.mm.ss.SSS'),'dogdog',PARSEDATETIME('2011-07-25-15.05.54.059','yyyy-MM-dd-HH.mm.ss.SSS'),'dogdog',0);
Insert into PCKM_MATCHUP (MATCHUP_ID,SEASON_WEEK_ID,VENUE_ID,MATCHUP_DATE,HOME_TEAM_ID,AWAY_TEAM_ID,HOME_TEAM_SCORE,AWAY_TEAM_SCORE,LAST_UPDATE_DATE,LAST_UPDATE_USER,CREATE_DATE,CREATE_USER,SYS_MOD_COUNT) values (66,3,11,PARSEDATETIME('2011-09-10','yyyy-MM-dd'),7,37,null,null,PARSEDATETIME('2011-07-25-15.06.28.020','yyyy-MM-dd-HH.mm.ss.SSS'),'dogdog',PARSEDATETIME('2011-07-25-15.06.28.020','yyyy-MM-dd-HH.mm.ss.SSS'),'dogdog',0);
Insert into PCKM_MATCHUP (MATCHUP_ID,SEASON_WEEK_ID,VENUE_ID,MATCHUP_DATE,HOME_TEAM_ID,AWAY_TEAM_ID,HOME_TEAM_SCORE,AWAY_TEAM_SCORE,LAST_UPDATE_DATE,LAST_UPDATE_USER,CREATE_DATE,CREATE_USER,SYS_MOD_COUNT) values (67,4,5,PARSEDATETIME('2011-09-15','yyyy-MM-dd'),9,7,null,null,PARSEDATETIME('2011-07-25-15.06.57.285','yyyy-MM-dd-HH.mm.ss.SSS'),'dogdog',PARSEDATETIME('2011-07-25-15.06.57.285','yyyy-MM-dd-HH.mm.ss.SSS'),'dogdog',0);
Insert into PCKM_MATCHUP (MATCHUP_ID,SEASON_WEEK_ID,VENUE_ID,MATCHUP_DATE,HOME_TEAM_ID,AWAY_TEAM_ID,HOME_TEAM_SCORE,AWAY_TEAM_SCORE,LAST_UPDATE_DATE,LAST_UPDATE_USER,CREATE_DATE,CREATE_USER,SYS_MOD_COUNT) values (68,5,21,PARSEDATETIME('2011-09-24','yyyy-MM-dd'),38,7,null,null,PARSEDATETIME('2011-07-25-15.07.24.960','yyyy-MM-dd-HH.mm.ss.SSS'),'dogdog',PARSEDATETIME('2011-07-25-15.07.24.960','yyyy-MM-dd-HH.mm.ss.SSS'),'dogdog',0);
Insert into PCKM_MATCHUP (MATCHUP_ID,SEASON_WEEK_ID,VENUE_ID,MATCHUP_DATE,HOME_TEAM_ID,AWAY_TEAM_ID,HOME_TEAM_SCORE,AWAY_TEAM_SCORE,LAST_UPDATE_DATE,LAST_UPDATE_USER,CREATE_DATE,CREATE_USER,SYS_MOD_COUNT) values (69,8,18,PARSEDATETIME('2011-10-15','yyyy-MM-dd'),11,7,null,null,PARSEDATETIME('2011-07-25-15.07.52.338','yyyy-MM-dd-HH.mm.ss.SSS'),'dogdog',PARSEDATETIME('2011-07-25-15.07.52.338','yyyy-MM-dd-HH.mm.ss.SSS'),'dogdog',0);
Insert into PCKM_MATCHUP (MATCHUP_ID,SEASON_WEEK_ID,VENUE_ID,MATCHUP_DATE,HOME_TEAM_ID,AWAY_TEAM_ID,HOME_TEAM_SCORE,AWAY_TEAM_SCORE,LAST_UPDATE_DATE,LAST_UPDATE_USER,CREATE_DATE,CREATE_USER,SYS_MOD_COUNT) values (70,12,11,PARSEDATETIME('2011-11-12','yyyy-MM-dd'),7,32,null,null,PARSEDATETIME('2011-07-25-15.08.22.181','yyyy-MM-dd-HH.mm.ss.SSS'),'dogdog',PARSEDATETIME('2011-07-25-15.08.22.181','yyyy-MM-dd-HH.mm.ss.SSS'),'dogdog',0);
Insert into PCKM_MATCHUP (MATCHUP_ID,SEASON_WEEK_ID,VENUE_ID,MATCHUP_DATE,HOME_TEAM_ID,AWAY_TEAM_ID,HOME_TEAM_SCORE,AWAY_TEAM_SCORE,LAST_UPDATE_DATE,LAST_UPDATE_USER,CREATE_DATE,CREATE_USER,SYS_MOD_COUNT) values (71,13,4,PARSEDATETIME('2011-11-19','yyyy-MM-dd'),8,7,null,null,PARSEDATETIME('2011-07-25-15.08.44.785','yyyy-MM-dd-HH.mm.ss.SSS'),'dogdog',PARSEDATETIME('2011-07-25-15.08.44.785','yyyy-MM-dd-HH.mm.ss.SSS'),'dogdog',0);
Insert into PCKM_MATCHUP (MATCHUP_ID,SEASON_WEEK_ID,VENUE_ID,MATCHUP_DATE,HOME_TEAM_ID,AWAY_TEAM_ID,HOME_TEAM_SCORE,AWAY_TEAM_SCORE,LAST_UPDATE_DATE,LAST_UPDATE_USER,CREATE_DATE,CREATE_USER,SYS_MOD_COUNT) values (72,2,4,PARSEDATETIME('2011-09-03','yyyy-MM-dd'),8,42,null,null,PARSEDATETIME('2011-07-25-15.09.33.816','yyyy-MM-dd-HH.mm.ss.SSS'),'dogdog',PARSEDATETIME('2011-07-25-15.09.33.816','yyyy-MM-dd-HH.mm.ss.SSS'),'dogdog',0);
Insert into PCKM_MATCHUP (MATCHUP_ID,SEASON_WEEK_ID,VENUE_ID,MATCHUP_DATE,HOME_TEAM_ID,AWAY_TEAM_ID,HOME_TEAM_SCORE,AWAY_TEAM_SCORE,LAST_UPDATE_DATE,LAST_UPDATE_USER,CREATE_DATE,CREATE_USER,SYS_MOD_COUNT) values (73,3,4,PARSEDATETIME('2011-09-10','yyyy-MM-dd'),8,43,null,null,PARSEDATETIME('2011-07-25-15.09.59.587','yyyy-MM-dd-HH.mm.ss.SSS'),'dogdog',PARSEDATETIME('2011-07-25-15.09.59.587','yyyy-MM-dd-HH.mm.ss.SSS'),'dogdog',0);
Insert into PCKM_MATCHUP (MATCHUP_ID,SEASON_WEEK_ID,VENUE_ID,MATCHUP_DATE,HOME_TEAM_ID,AWAY_TEAM_ID,HOME_TEAM_SCORE,AWAY_TEAM_SCORE,LAST_UPDATE_DATE,LAST_UPDATE_USER,CREATE_DATE,CREATE_USER,SYS_MOD_COUNT) values (74,4,10,PARSEDATETIME('2011-09-17','yyyy-MM-dd'),12,8,null,null,PARSEDATETIME('2011-07-25-15.10.29.258','yyyy-MM-dd-HH.mm.ss.SSS'),'dogdog',PARSEDATETIME('2011-07-25-15.10.29.258','yyyy-MM-dd-HH.mm.ss.SSS'),'dogdog',0);
Insert into PCKM_MATCHUP (MATCHUP_ID,SEASON_WEEK_ID,VENUE_ID,MATCHUP_DATE,HOME_TEAM_ID,AWAY_TEAM_ID,HOME_TEAM_SCORE,AWAY_TEAM_SCORE,LAST_UPDATE_DATE,LAST_UPDATE_USER,CREATE_DATE,CREATE_USER,SYS_MOD_COUNT) values (75,6,24,PARSEDATETIME('2011-10-01','yyyy-MM-dd'),44,8,null,null,PARSEDATETIME('2011-07-25-15.11.20.863','yyyy-MM-dd-HH.mm.ss.SSS'),'dogdog',PARSEDATETIME('2011-07-25-15.11.20.863','yyyy-MM-dd-HH.mm.ss.SSS'),'dogdog',0);
Insert into PCKM_MATCHUP (MATCHUP_ID,SEASON_WEEK_ID,VENUE_ID,MATCHUP_DATE,HOME_TEAM_ID,AWAY_TEAM_ID,HOME_TEAM_SCORE,AWAY_TEAM_SCORE,LAST_UPDATE_DATE,LAST_UPDATE_USER,CREATE_DATE,CREATE_USER,SYS_MOD_COUNT) values (76,12,4,PARSEDATETIME('2011-11-12','yyyy-MM-dd'),8,40,null,null,PARSEDATETIME('2011-07-25-15.11.55.043','yyyy-MM-dd-HH.mm.ss.SSS'),'dogdog',PARSEDATETIME('2011-07-25-15.11.55.043','yyyy-MM-dd-HH.mm.ss.SSS'),'dogdog',0);
Insert into PCKM_MATCHUP (MATCHUP_ID,SEASON_WEEK_ID,VENUE_ID,MATCHUP_DATE,HOME_TEAM_ID,AWAY_TEAM_ID,HOME_TEAM_SCORE,AWAY_TEAM_SCORE,LAST_UPDATE_DATE,LAST_UPDATE_USER,CREATE_DATE,CREATE_USER,SYS_MOD_COUNT) values (77,14,5,PARSEDATETIME('2011-11-26','yyyy-MM-dd'),9,8,null,null,PARSEDATETIME('2011-07-25-15.12.32.202','yyyy-MM-dd-HH.mm.ss.SSS'),'dogdog',PARSEDATETIME('2011-07-25-15.12.32.202','yyyy-MM-dd-HH.mm.ss.SSS'),'dogdog',0);
Insert into PCKM_MATCHUP (MATCHUP_ID,SEASON_WEEK_ID,VENUE_ID,MATCHUP_DATE,HOME_TEAM_ID,AWAY_TEAM_ID,HOME_TEAM_SCORE,AWAY_TEAM_SCORE,LAST_UPDATE_DATE,LAST_UPDATE_USER,CREATE_DATE,CREATE_USER,SYS_MOD_COUNT) values (78,2,22,PARSEDATETIME('2011-09-01','yyyy-MM-dd'),39,9,null,null,PARSEDATETIME('2011-07-25-15.21.10.683','yyyy-MM-dd-HH.mm.ss.SSS'),'dogdog',PARSEDATETIME('2011-07-25-15.13.13.963','yyyy-MM-dd-HH.mm.ss.SSS'),'dogdog',1);
Insert into PCKM_MATCHUP (MATCHUP_ID,SEASON_WEEK_ID,VENUE_ID,MATCHUP_DATE,HOME_TEAM_ID,AWAY_TEAM_ID,HOME_TEAM_SCORE,AWAY_TEAM_SCORE,LAST_UPDATE_DATE,LAST_UPDATE_USER,CREATE_DATE,CREATE_USER,SYS_MOD_COUNT) values (79,5,5,PARSEDATETIME('2011-09-24','yyyy-MM-dd'),9,40,null,null,PARSEDATETIME('2011-07-25-15.13.49.235','yyyy-MM-dd-HH.mm.ss.SSS'),'dogdog',PARSEDATETIME('2011-07-25-15.13.49.235','yyyy-MM-dd-HH.mm.ss.SSS'),'dogdog',0);
Insert into PCKM_MATCHUP (MATCHUP_ID,SEASON_WEEK_ID,VENUE_ID,MATCHUP_DATE,HOME_TEAM_ID,AWAY_TEAM_ID,HOME_TEAM_SCORE,AWAY_TEAM_SCORE,LAST_UPDATE_DATE,LAST_UPDATE_USER,CREATE_DATE,CREATE_USER,SYS_MOD_COUNT) values (80,7,23,PARSEDATETIME('2011-10-08','yyyy-MM-dd'),25,9,null,null,PARSEDATETIME('2011-07-25-15.14.20.793','yyyy-MM-dd-HH.mm.ss.SSS'),'dogdog',PARSEDATETIME('2011-07-25-15.14.20.793','yyyy-MM-dd-HH.mm.ss.SSS'),'dogdog',0);
Insert into PCKM_MATCHUP (MATCHUP_ID,SEASON_WEEK_ID,VENUE_ID,MATCHUP_DATE,HOME_TEAM_ID,AWAY_TEAM_ID,HOME_TEAM_SCORE,AWAY_TEAM_SCORE,LAST_UPDATE_DATE,LAST_UPDATE_USER,CREATE_DATE,CREATE_USER,SYS_MOD_COUNT) values (82,11,5,PARSEDATETIME('2011-11-05','yyyy-MM-dd'),9,41,null,null,PARSEDATETIME('2011-07-25-15.15.41.102','yyyy-MM-dd-HH.mm.ss.SSS'),'dogdog',PARSEDATETIME('2011-07-25-15.15.41.102','yyyy-MM-dd-HH.mm.ss.SSS'),'dogdog',0);
Insert into PCKM_MATCHUP (MATCHUP_ID,SEASON_WEEK_ID,VENUE_ID,MATCHUP_DATE,HOME_TEAM_ID,AWAY_TEAM_ID,HOME_TEAM_SCORE,AWAY_TEAM_SCORE,LAST_UPDATE_DATE,LAST_UPDATE_USER,CREATE_DATE,CREATE_USER,SYS_MOD_COUNT) values (83,2,25,PARSEDATETIME('2011-09-03','yyyy-MM-dd'),10,45,null,null,PARSEDATETIME('2011-07-25-15.22.22.225','yyyy-MM-dd-HH.mm.ss.SSS'),'dogdog',PARSEDATETIME('2011-07-25-15.22.22.225','yyyy-MM-dd-HH.mm.ss.SSS'),'dogdog',0);
Insert into PCKM_MATCHUP (MATCHUP_ID,SEASON_WEEK_ID,VENUE_ID,MATCHUP_DATE,HOME_TEAM_ID,AWAY_TEAM_ID,HOME_TEAM_SCORE,AWAY_TEAM_SCORE,LAST_UPDATE_DATE,LAST_UPDATE_USER,CREATE_DATE,CREATE_USER,SYS_MOD_COUNT) values (84,4,13,PARSEDATETIME('2011-09-17','yyyy-MM-dd'),10,46,null,null,PARSEDATETIME('2011-07-25-15.22.56.529','yyyy-MM-dd-HH.mm.ss.SSS'),'dogdog',PARSEDATETIME('2011-07-25-15.22.56.529','yyyy-MM-dd-HH.mm.ss.SSS'),'dogdog',0);
Insert into PCKM_MATCHUP (MATCHUP_ID,SEASON_WEEK_ID,VENUE_ID,MATCHUP_DATE,HOME_TEAM_ID,AWAY_TEAM_ID,HOME_TEAM_SCORE,AWAY_TEAM_SCORE,LAST_UPDATE_DATE,LAST_UPDATE_USER,CREATE_DATE,CREATE_USER,SYS_MOD_COUNT) values (85,5,13,PARSEDATETIME('2011-09-24','yyyy-MM-dd'),10,12,null,null,PARSEDATETIME('2011-07-25-15.23.24.609','yyyy-MM-dd-HH.mm.ss.SSS'),'dogdog',PARSEDATETIME('2011-07-25-15.23.24.609','yyyy-MM-dd-HH.mm.ss.SSS'),'dogdog',0);
Insert into PCKM_MATCHUP (MATCHUP_ID,SEASON_WEEK_ID,VENUE_ID,MATCHUP_DATE,HOME_TEAM_ID,AWAY_TEAM_ID,HOME_TEAM_SCORE,AWAY_TEAM_SCORE,LAST_UPDATE_DATE,LAST_UPDATE_USER,CREATE_DATE,CREATE_USER,SYS_MOD_COUNT) values (86,10,18,PARSEDATETIME('2011-10-29','yyyy-MM-dd'),11,10,null,null,PARSEDATETIME('2011-07-25-15.23.57.603','yyyy-MM-dd-HH.mm.ss.SSS'),'dogdog',PARSEDATETIME('2011-07-25-15.23.57.603','yyyy-MM-dd-HH.mm.ss.SSS'),'dogdog',0);
Insert into PCKM_MATCHUP (MATCHUP_ID,SEASON_WEEK_ID,VENUE_ID,MATCHUP_DATE,HOME_TEAM_ID,AWAY_TEAM_ID,HOME_TEAM_SCORE,AWAY_TEAM_SCORE,LAST_UPDATE_DATE,LAST_UPDATE_USER,CREATE_DATE,CREATE_USER,SYS_MOD_COUNT) values (87,13,13,PARSEDATETIME('2011-11-19','yyyy-MM-dd'),10,47,null,null,PARSEDATETIME('2011-07-25-15.24.26.417','yyyy-MM-dd-HH.mm.ss.SSS'),'dogdog',PARSEDATETIME('2011-07-25-15.24.26.417','yyyy-MM-dd-HH.mm.ss.SSS'),'dogdog',0);
Insert into PCKM_MATCHUP (MATCHUP_ID,SEASON_WEEK_ID,VENUE_ID,MATCHUP_DATE,HOME_TEAM_ID,AWAY_TEAM_ID,HOME_TEAM_SCORE,AWAY_TEAM_SCORE,LAST_UPDATE_DATE,LAST_UPDATE_USER,CREATE_DATE,CREATE_USER,SYS_MOD_COUNT) values (88,14,13,PARSEDATETIME('2011-11-26','yyyy-MM-dd'),10,22,null,null,PARSEDATETIME('2011-07-25-15.24.56.649','yyyy-MM-dd-HH.mm.ss.SSS'),'dogdog',PARSEDATETIME('2011-07-25-15.24.56.649','yyyy-MM-dd-HH.mm.ss.SSS'),'dogdog',0);
Insert into PCKM_MATCHUP (MATCHUP_ID,SEASON_WEEK_ID,VENUE_ID,MATCHUP_DATE,HOME_TEAM_ID,AWAY_TEAM_ID,HOME_TEAM_SCORE,AWAY_TEAM_SCORE,LAST_UPDATE_DATE,LAST_UPDATE_USER,CREATE_DATE,CREATE_USER,SYS_MOD_COUNT) values (89,2,18,PARSEDATETIME('2011-09-03','yyyy-MM-dd'),11,48,null,null,PARSEDATETIME('2011-07-25-15.25.44.526','yyyy-MM-dd-HH.mm.ss.SSS'),'dogdog',PARSEDATETIME('2011-07-25-15.25.44.526','yyyy-MM-dd-HH.mm.ss.SSS'),'dogdog',0);
Insert into PCKM_MATCHUP (MATCHUP_ID,SEASON_WEEK_ID,VENUE_ID,MATCHUP_DATE,HOME_TEAM_ID,AWAY_TEAM_ID,HOME_TEAM_SCORE,AWAY_TEAM_SCORE,LAST_UPDATE_DATE,LAST_UPDATE_USER,CREATE_DATE,CREATE_USER,SYS_MOD_COUNT) values (90,3,18,PARSEDATETIME('2011-09-10','yyyy-MM-dd'),11,49,null,null,PARSEDATETIME('2011-07-25-15.26.15.882','yyyy-MM-dd-HH.mm.ss.SSS'),'dogdog',PARSEDATETIME('2011-07-25-15.26.15.882','yyyy-MM-dd-HH.mm.ss.SSS'),'dogdog',0);
Insert into PCKM_MATCHUP (MATCHUP_ID,SEASON_WEEK_ID,VENUE_ID,MATCHUP_DATE,HOME_TEAM_ID,AWAY_TEAM_ID,HOME_TEAM_SCORE,AWAY_TEAM_SCORE,LAST_UPDATE_DATE,LAST_UPDATE_USER,CREATE_DATE,CREATE_USER,SYS_MOD_COUNT) values (91,6,18,PARSEDATETIME('2011-10-01','yyyy-MM-dd'),11,50,null,null,PARSEDATETIME('2011-07-25-15.26.48.236','yyyy-MM-dd-HH.mm.ss.SSS'),'dogdog',PARSEDATETIME('2011-07-25-15.26.48.236','yyyy-MM-dd-HH.mm.ss.SSS'),'dogdog',0);
Insert into PCKM_MATCHUP (MATCHUP_ID,SEASON_WEEK_ID,VENUE_ID,MATCHUP_DATE,HOME_TEAM_ID,AWAY_TEAM_ID,HOME_TEAM_SCORE,AWAY_TEAM_SCORE,LAST_UPDATE_DATE,LAST_UPDATE_USER,CREATE_DATE,CREATE_USER,SYS_MOD_COUNT) values (92,11,18,PARSEDATETIME('2011-11-05','yyyy-MM-dd'),11,51,null,null,PARSEDATETIME('2011-07-25-15.28.18.357','yyyy-MM-dd-HH.mm.ss.SSS'),'dogdog',PARSEDATETIME('2011-07-25-15.28.18.357','yyyy-MM-dd-HH.mm.ss.SSS'),'dogdog',0);
Insert into PCKM_MATCHUP (MATCHUP_ID,SEASON_WEEK_ID,VENUE_ID,MATCHUP_DATE,HOME_TEAM_ID,AWAY_TEAM_ID,HOME_TEAM_SCORE,AWAY_TEAM_SCORE,LAST_UPDATE_DATE,LAST_UPDATE_USER,CREATE_DATE,CREATE_USER,SYS_MOD_COUNT) values (93,13,18,PARSEDATETIME('2011-11-19','yyyy-MM-dd'),11,12,null,null,PARSEDATETIME('2011-07-25-15.28.46.874','yyyy-MM-dd-HH.mm.ss.SSS'),'dogdog',PARSEDATETIME('2011-07-25-15.28.46.874','yyyy-MM-dd-HH.mm.ss.SSS'),'dogdog',0);
Insert into PCKM_MATCHUP (MATCHUP_ID,SEASON_WEEK_ID,VENUE_ID,MATCHUP_DATE,HOME_TEAM_ID,AWAY_TEAM_ID,HOME_TEAM_SCORE,AWAY_TEAM_SCORE,LAST_UPDATE_DATE,LAST_UPDATE_USER,CREATE_DATE,CREATE_USER,SYS_MOD_COUNT) values (94,2,10,PARSEDATETIME('2011-09-03','yyyy-MM-dd'),12,52,null,null,PARSEDATETIME('2011-07-25-15.29.30.585','yyyy-MM-dd-HH.mm.ss.SSS'),'dogdog',PARSEDATETIME('2011-07-25-15.29.30.585','yyyy-MM-dd-HH.mm.ss.SSS'),'dogdog',0);
Insert into PCKM_MATCHUP (MATCHUP_ID,SEASON_WEEK_ID,VENUE_ID,MATCHUP_DATE,HOME_TEAM_ID,AWAY_TEAM_ID,HOME_TEAM_SCORE,AWAY_TEAM_SCORE,LAST_UPDATE_DATE,LAST_UPDATE_USER,CREATE_DATE,CREATE_USER,SYS_MOD_COUNT) values (95,3,10,PARSEDATETIME('2011-09-10','yyyy-MM-dd'),12,53,null,null,PARSEDATETIME('2011-07-25-15.29.57.433','yyyy-MM-dd-HH.mm.ss.SSS'),'dogdog',PARSEDATETIME('2011-07-25-15.29.57.433','yyyy-MM-dd-HH.mm.ss.SSS'),'dogdog',0);
Insert into PCKM_MATCHUP (MATCHUP_ID,SEASON_WEEK_ID,VENUE_ID,MATCHUP_DATE,HOME_TEAM_ID,AWAY_TEAM_ID,HOME_TEAM_SCORE,AWAY_TEAM_SCORE,LAST_UPDATE_DATE,LAST_UPDATE_USER,CREATE_DATE,CREATE_USER,SYS_MOD_COUNT) values (96,9,10,PARSEDATETIME('2011-10-22','yyyy-MM-dd'),12,54,null,null,PARSEDATETIME('2011-07-25-15.30.33.407','yyyy-MM-dd-HH.mm.ss.SSS'),'dogdog',PARSEDATETIME('2011-07-25-15.30.33.407','yyyy-MM-dd-HH.mm.ss.SSS'),'dogdog',0);
Insert into PCKM_MATCHUP (MATCHUP_ID,SEASON_WEEK_ID,VENUE_ID,MATCHUP_DATE,HOME_TEAM_ID,AWAY_TEAM_ID,HOME_TEAM_SCORE,AWAY_TEAM_SCORE,LAST_UPDATE_DATE,LAST_UPDATE_USER,CREATE_DATE,CREATE_USER,SYS_MOD_COUNT) values (97,14,27,PARSEDATETIME('2011-11-26','yyyy-MM-dd'),55,12,null,null,PARSEDATETIME('2011-07-25-15.31.07.820','yyyy-MM-dd-HH.mm.ss.SSS'),'dogdog',PARSEDATETIME('2011-07-25-15.31.07.820','yyyy-MM-dd-HH.mm.ss.SSS'),'dogdog',0);
Insert into PCKM_MATCHUP (MATCHUP_ID,SEASON_WEEK_ID,VENUE_ID,MATCHUP_DATE,HOME_TEAM_ID,AWAY_TEAM_ID,HOME_TEAM_SCORE,AWAY_TEAM_SCORE,LAST_UPDATE_DATE,LAST_UPDATE_USER,CREATE_DATE,CREATE_USER,SYS_MOD_COUNT) values (98,8,5,PARSEDATETIME('2011-10-15','yyyy-MM-dd'),9,10,null,null,PARSEDATETIME('2011-07-25-15.42.01.364','yyyy-MM-dd-HH.mm.ss.SSS'),'dogdog',PARSEDATETIME('2011-07-25-15.42.01.364','yyyy-MM-dd-HH.mm.ss.SSS'),'dogdog',0);
Insert into PCKM_MATCHUP (MATCHUP_ID,SEASON_WEEK_ID,VENUE_ID,MATCHUP_DATE,HOME_TEAM_ID,AWAY_TEAM_ID,HOME_TEAM_SCORE,AWAY_TEAM_SCORE,LAST_UPDATE_DATE,LAST_UPDATE_USER,CREATE_DATE,CREATE_USER,SYS_MOD_COUNT) values (3,3,2,PARSEDATETIME('2011-09-10','yyyy-MM-dd'),14,1,null,null,PARSEDATETIME('2011-08-08-14.45.00.028','yyyy-MM-dd-HH.mm.ss.SSS'),'dogdog',PARSEDATETIME('2011-07-25-13.23.49.913','yyyy-MM-dd-HH.mm.ss.SSS'),'dogdog',2);
Insert into PCKM_MATCHUP (MATCHUP_ID,SEASON_WEEK_ID,VENUE_ID,MATCHUP_DATE,HOME_TEAM_ID,AWAY_TEAM_ID,HOME_TEAM_SCORE,AWAY_TEAM_SCORE,LAST_UPDATE_DATE,LAST_UPDATE_USER,CREATE_DATE,CREATE_USER,SYS_MOD_COUNT) values (4,4,1,PARSEDATETIME('2011-09-17','yyyy-MM-dd'),1,15,null,null,PARSEDATETIME('2011-08-08-14.45.00.070','yyyy-MM-dd-HH.mm.ss.SSS'),'dogdog',PARSEDATETIME('2011-07-25-13.24.24.342','yyyy-MM-dd-HH.mm.ss.SSS'),'dogdog',2);
Insert into PCKM_MATCHUP (MATCHUP_ID,SEASON_WEEK_ID,VENUE_ID,MATCHUP_DATE,HOME_TEAM_ID,AWAY_TEAM_ID,HOME_TEAM_SCORE,AWAY_TEAM_SCORE,LAST_UPDATE_DATE,LAST_UPDATE_USER,CREATE_DATE,CREATE_USER,SYS_MOD_COUNT) values (5,5,1,PARSEDATETIME('2011-09-24','yyyy-MM-dd'),1,2,null,null,PARSEDATETIME('2011-07-25-13.24.50.472','yyyy-MM-dd-HH.mm.ss.SSS'),'dogdog',PARSEDATETIME('2011-07-25-13.24.50.472','yyyy-MM-dd-HH.mm.ss.SSS'),'dogdog',0);
Insert into PCKM_MATCHUP (MATCHUP_ID,SEASON_WEEK_ID,VENUE_ID,MATCHUP_DATE,HOME_TEAM_ID,AWAY_TEAM_ID,HOME_TEAM_SCORE,AWAY_TEAM_SCORE,LAST_UPDATE_DATE,LAST_UPDATE_USER,CREATE_DATE,CREATE_USER,SYS_MOD_COUNT) values (6,6,3,PARSEDATETIME('2011-10-01','yyyy-MM-dd'),4,1,null,null,PARSEDATETIME('2011-08-08-14.45.00.112','yyyy-MM-dd-HH.mm.ss.SSS'),'dogdog',PARSEDATETIME('2011-07-25-13.25.15.245','yyyy-MM-dd-HH.mm.ss.SSS'),'dogdog',3);
Insert into PCKM_MATCHUP (MATCHUP_ID,SEASON_WEEK_ID,VENUE_ID,MATCHUP_DATE,HOME_TEAM_ID,AWAY_TEAM_ID,HOME_TEAM_SCORE,AWAY_TEAM_SCORE,LAST_UPDATE_DATE,LAST_UPDATE_USER,CREATE_DATE,CREATE_USER,SYS_MOD_COUNT) values (7,7,1,PARSEDATETIME('2011-10-08','yyyy-MM-dd'),1,12,null,null,PARSEDATETIME('2011-07-25-13.25.39.222','yyyy-MM-dd-HH.mm.ss.SSS'),'dogdog',PARSEDATETIME('2011-07-25-13.25.39.222','yyyy-MM-dd-HH.mm.ss.SSS'),'dogdog',0);
Insert into PCKM_MATCHUP (MATCHUP_ID,SEASON_WEEK_ID,VENUE_ID,MATCHUP_DATE,HOME_TEAM_ID,AWAY_TEAM_ID,HOME_TEAM_SCORE,AWAY_TEAM_SCORE,LAST_UPDATE_DATE,LAST_UPDATE_USER,CREATE_DATE,CREATE_USER,SYS_MOD_COUNT) values (8,8,4,PARSEDATETIME('2011-10-15','yyyy-MM-dd'),8,1,null,null,PARSEDATETIME('2011-07-25-13.26.11.717','yyyy-MM-dd-HH.mm.ss.SSS'),'dogdog',PARSEDATETIME('2011-07-25-13.26.11.717','yyyy-MM-dd-HH.mm.ss.SSS'),'dogdog',0);
Insert into PCKM_MATCHUP (MATCHUP_ID,SEASON_WEEK_ID,VENUE_ID,MATCHUP_DATE,HOME_TEAM_ID,AWAY_TEAM_ID,HOME_TEAM_SCORE,AWAY_TEAM_SCORE,LAST_UPDATE_DATE,LAST_UPDATE_USER,CREATE_DATE,CREATE_USER,SYS_MOD_COUNT) values (9,9,1,PARSEDATETIME('2011-10-22','yyyy-MM-dd'),1,11,null,null,PARSEDATETIME('2011-07-25-13.26.43.214','yyyy-MM-dd-HH.mm.ss.SSS'),'dogdog',PARSEDATETIME('2011-07-25-13.26.43.214','yyyy-MM-dd-HH.mm.ss.SSS'),'dogdog',0);
Insert into PCKM_MATCHUP (MATCHUP_ID,SEASON_WEEK_ID,VENUE_ID,MATCHUP_DATE,HOME_TEAM_ID,AWAY_TEAM_ID,HOME_TEAM_SCORE,AWAY_TEAM_SCORE,LAST_UPDATE_DATE,LAST_UPDATE_USER,CREATE_DATE,CREATE_USER,SYS_MOD_COUNT) values (10,11,1,PARSEDATETIME('2011-11-05','yyyy-MM-dd'),1,7,null,null,PARSEDATETIME('2011-07-25-13.27.06.614','yyyy-MM-dd-HH.mm.ss.SSS'),'dogdog',PARSEDATETIME('2011-07-25-13.27.06.614','yyyy-MM-dd-HH.mm.ss.SSS'),'dogdog',0);
Insert into PCKM_MATCHUP (MATCHUP_ID,SEASON_WEEK_ID,VENUE_ID,MATCHUP_DATE,HOME_TEAM_ID,AWAY_TEAM_ID,HOME_TEAM_SCORE,AWAY_TEAM_SCORE,LAST_UPDATE_DATE,LAST_UPDATE_USER,CREATE_DATE,CREATE_USER,SYS_MOD_COUNT) values (11,12,5,PARSEDATETIME('2011-11-12','yyyy-MM-dd'),9,1,null,null,PARSEDATETIME('2011-07-25-13.27.36.675','yyyy-MM-dd-HH.mm.ss.SSS'),'dogdog',PARSEDATETIME('2011-07-25-13.27.36.675','yyyy-MM-dd-HH.mm.ss.SSS'),'dogdog',0);
Insert into PCKM_MATCHUP (MATCHUP_ID,SEASON_WEEK_ID,VENUE_ID,MATCHUP_DATE,HOME_TEAM_ID,AWAY_TEAM_ID,HOME_TEAM_SCORE,AWAY_TEAM_SCORE,LAST_UPDATE_DATE,LAST_UPDATE_USER,CREATE_DATE,CREATE_USER,SYS_MOD_COUNT) values (12,13,1,PARSEDATETIME('2011-11-19','yyyy-MM-dd'),1,16,null,null,PARSEDATETIME('2011-07-25-13.28.04.880','yyyy-MM-dd-HH.mm.ss.SSS'),'dogdog',PARSEDATETIME('2011-07-25-13.28.04.880','yyyy-MM-dd-HH.mm.ss.SSS'),'dogdog',0);
Insert into PCKM_MATCHUP (MATCHUP_ID,SEASON_WEEK_ID,VENUE_ID,MATCHUP_DATE,HOME_TEAM_ID,AWAY_TEAM_ID,HOME_TEAM_SCORE,AWAY_TEAM_SCORE,LAST_UPDATE_DATE,LAST_UPDATE_USER,CREATE_DATE,CREATE_USER,SYS_MOD_COUNT) values (13,14,6,PARSEDATETIME('2011-11-26','yyyy-MM-dd'),3,1,null,null,PARSEDATETIME('2011-07-25-13.28.31.337','yyyy-MM-dd-HH.mm.ss.SSS'),'dogdog',PARSEDATETIME('2011-07-25-13.28.31.337','yyyy-MM-dd-HH.mm.ss.SSS'),'dogdog',0);

--REM INSERTING into PCKM_USER_PICK
Insert into PCKM_USER_PICK (USER_PICK_ID,USER_GUID,MATCHUP_ID,PICKED_TEAM_ID,RANK,LAST_UPDATE_DATE,LAST_UPDATE_USER,CREATE_DATE,CREATE_USER,SYS_MOD_COUNT) values (7,10,78,9,1,PARSEDATETIME('2011-08-08-10.42.04.713','yyyy-MM-dd-HH.mm.ss.SSS'),'BassettHnd',PARSEDATETIME('2011-08-08-10.42.04.713','yyyy-MM-dd-HH.mm.ss.SSS'),'BassettHnd',0);
Insert into PCKM_USER_PICK (USER_PICK_ID,USER_GUID,MATCHUP_ID,PICKED_TEAM_ID,RANK,LAST_UPDATE_DATE,LAST_UPDATE_USER,CREATE_DATE,CREATE_USER,SYS_MOD_COUNT) values (8,10,55,6,12,PARSEDATETIME('2011-08-08-10.42.04.713','yyyy-MM-dd-HH.mm.ss.SSS'),'BassettHnd',PARSEDATETIME('2011-08-08-10.42.04.713','yyyy-MM-dd-HH.mm.ss.SSS'),'BassettHnd',0);
Insert into PCKM_USER_PICK (USER_PICK_ID,USER_GUID,MATCHUP_ID,PICKED_TEAM_ID,RANK,LAST_UPDATE_DATE,LAST_UPDATE_USER,CREATE_DATE,CREATE_USER,SYS_MOD_COUNT) values (20,10,4,1,11,PARSEDATETIME('2011-08-08-10.59.52.387','yyyy-MM-dd-HH.mm.ss.SSS'),'BassettHnd',PARSEDATETIME('2011-08-08-10.59.52.387','yyyy-MM-dd-HH.mm.ss.SSS'),'BassettHnd',0);
Insert into PCKM_USER_PICK (USER_PICK_ID,USER_GUID,MATCHUP_ID,PICKED_TEAM_ID,RANK,LAST_UPDATE_DATE,LAST_UPDATE_USER,CREATE_DATE,CREATE_USER,SYS_MOD_COUNT) values (21,10,16,2,10,PARSEDATETIME('2011-08-08-10.59.52.387','yyyy-MM-dd-HH.mm.ss.SSS'),'BassettHnd',PARSEDATETIME('2011-08-08-10.59.52.387','yyyy-MM-dd-HH.mm.ss.SSS'),'BassettHnd',0);
Insert into PCKM_USER_PICK (USER_PICK_ID,USER_GUID,MATCHUP_ID,PICKED_TEAM_ID,RANK,LAST_UPDATE_DATE,LAST_UPDATE_USER,CREATE_DATE,CREATE_USER,SYS_MOD_COUNT) values (22,10,27,22,4,PARSEDATETIME('2011-08-08-10.59.52.387','yyyy-MM-dd-HH.mm.ss.SSS'),'BassettHnd',PARSEDATETIME('2011-08-08-10.59.52.387','yyyy-MM-dd-HH.mm.ss.SSS'),'BassettHnd',0);
Insert into PCKM_USER_PICK (USER_PICK_ID,USER_GUID,MATCHUP_ID,PICKED_TEAM_ID,RANK,LAST_UPDATE_DATE,LAST_UPDATE_USER,CREATE_DATE,CREATE_USER,SYS_MOD_COUNT) values (23,10,37,4,7,PARSEDATETIME('2011-08-08-10.59.52.387','yyyy-MM-dd-HH.mm.ss.SSS'),'BassettHnd',PARSEDATETIME('2011-08-08-10.59.52.387','yyyy-MM-dd-HH.mm.ss.SSS'),'BassettHnd',0);
Insert into PCKM_USER_PICK (USER_PICK_ID,USER_GUID,MATCHUP_ID,PICKED_TEAM_ID,RANK,LAST_UPDATE_DATE,LAST_UPDATE_USER,CREATE_DATE,CREATE_USER,SYS_MOD_COUNT) values (24,10,47,5,9,PARSEDATETIME('2011-08-08-10.59.52.387','yyyy-MM-dd-HH.mm.ss.SSS'),'BassettHnd',PARSEDATETIME('2011-08-08-10.59.52.387','yyyy-MM-dd-HH.mm.ss.SSS'),'BassettHnd',0);
Insert into PCKM_USER_PICK (USER_PICK_ID,USER_GUID,MATCHUP_ID,PICKED_TEAM_ID,RANK,LAST_UPDATE_DATE,LAST_UPDATE_USER,CREATE_DATE,CREATE_USER,SYS_MOD_COUNT) values (25,10,57,6,6,PARSEDATETIME('2011-08-08-10.59.52.387','yyyy-MM-dd-HH.mm.ss.SSS'),'BassettHnd',PARSEDATETIME('2011-08-08-10.59.52.387','yyyy-MM-dd-HH.mm.ss.SSS'),'BassettHnd',0);
Insert into PCKM_USER_PICK (USER_PICK_ID,USER_GUID,MATCHUP_ID,PICKED_TEAM_ID,RANK,LAST_UPDATE_DATE,LAST_UPDATE_USER,CREATE_DATE,CREATE_USER,SYS_MOD_COUNT) values (26,10,84,10,8,PARSEDATETIME('2011-08-08-10.59.52.387','yyyy-MM-dd-HH.mm.ss.SSS'),'BassettHnd',PARSEDATETIME('2011-08-08-10.59.52.387','yyyy-MM-dd-HH.mm.ss.SSS'),'BassettHnd',0);
Insert into PCKM_USER_PICK (USER_PICK_ID,USER_GUID,MATCHUP_ID,PICKED_TEAM_ID,RANK,LAST_UPDATE_DATE,LAST_UPDATE_USER,CREATE_DATE,CREATE_USER,SYS_MOD_COUNT) values (27,10,74,8,5,PARSEDATETIME('2011-08-08-10.59.52.387','yyyy-MM-dd-HH.mm.ss.SSS'),'BassettHnd',PARSEDATETIME('2011-08-08-10.59.52.387','yyyy-MM-dd-HH.mm.ss.SSS'),'BassettHnd',0);
Insert into PCKM_USER_PICK (USER_PICK_ID,USER_GUID,MATCHUP_ID,PICKED_TEAM_ID,RANK,LAST_UPDATE_DATE,LAST_UPDATE_USER,CREATE_DATE,CREATE_USER,SYS_MOD_COUNT) values (9,10,2,1,11,PARSEDATETIME('2011-08-08-10.42.04.713','yyyy-MM-dd-HH.mm.ss.SSS'),'BassettHnd',PARSEDATETIME('2011-08-08-10.42.04.713','yyyy-MM-dd-HH.mm.ss.SSS'),'BassettHnd',0);
Insert into PCKM_USER_PICK (USER_PICK_ID,USER_GUID,MATCHUP_ID,PICKED_TEAM_ID,RANK,LAST_UPDATE_DATE,LAST_UPDATE_USER,CREATE_DATE,CREATE_USER,SYS_MOD_COUNT) values (10,10,14,2,10,PARSEDATETIME('2011-08-08-10.42.04.713','yyyy-MM-dd-HH.mm.ss.SSS'),'BassettHnd',PARSEDATETIME('2011-08-08-10.42.04.713','yyyy-MM-dd-HH.mm.ss.SSS'),'BassettHnd',0);
Insert into PCKM_USER_PICK (USER_PICK_ID,USER_GUID,MATCHUP_ID,PICKED_TEAM_ID,RANK,LAST_UPDATE_DATE,LAST_UPDATE_USER,CREATE_DATE,CREATE_USER,SYS_MOD_COUNT) values (11,10,25,3,9,PARSEDATETIME('2011-08-08-10.42.04.713','yyyy-MM-dd-HH.mm.ss.SSS'),'BassettHnd',PARSEDATETIME('2011-08-08-10.42.04.713','yyyy-MM-dd-HH.mm.ss.SSS'),'BassettHnd',0);
Insert into PCKM_USER_PICK (USER_PICK_ID,USER_GUID,MATCHUP_ID,PICKED_TEAM_ID,RANK,LAST_UPDATE_DATE,LAST_UPDATE_USER,CREATE_DATE,CREATE_USER,SYS_MOD_COUNT) values (12,10,35,4,8,PARSEDATETIME('2011-08-08-10.42.04.713','yyyy-MM-dd-HH.mm.ss.SSS'),'BassettHnd',PARSEDATETIME('2011-08-08-10.42.04.713','yyyy-MM-dd-HH.mm.ss.SSS'),'BassettHnd',0);
Insert into PCKM_USER_PICK (USER_PICK_ID,USER_GUID,MATCHUP_ID,PICKED_TEAM_ID,RANK,LAST_UPDATE_DATE,LAST_UPDATE_USER,CREATE_DATE,CREATE_USER,SYS_MOD_COUNT) values (13,10,45,5,7,PARSEDATETIME('2011-08-08-10.42.04.713','yyyy-MM-dd-HH.mm.ss.SSS'),'BassettHnd',PARSEDATETIME('2011-08-08-10.42.04.713','yyyy-MM-dd-HH.mm.ss.SSS'),'BassettHnd',0);
Insert into PCKM_USER_PICK (USER_PICK_ID,USER_GUID,MATCHUP_ID,PICKED_TEAM_ID,RANK,LAST_UPDATE_DATE,LAST_UPDATE_USER,CREATE_DATE,CREATE_USER,SYS_MOD_COUNT) values (14,10,65,7,6,PARSEDATETIME('2011-08-08-10.42.04.713','yyyy-MM-dd-HH.mm.ss.SSS'),'BassettHnd',PARSEDATETIME('2011-08-08-10.42.04.713','yyyy-MM-dd-HH.mm.ss.SSS'),'BassettHnd',0);
Insert into PCKM_USER_PICK (USER_PICK_ID,USER_GUID,MATCHUP_ID,PICKED_TEAM_ID,RANK,LAST_UPDATE_DATE,LAST_UPDATE_USER,CREATE_DATE,CREATE_USER,SYS_MOD_COUNT) values (15,10,72,8,5,PARSEDATETIME('2011-08-08-10.42.04.713','yyyy-MM-dd-HH.mm.ss.SSS'),'BassettHnd',PARSEDATETIME('2011-08-08-10.42.04.713','yyyy-MM-dd-HH.mm.ss.SSS'),'BassettHnd',0);
Insert into PCKM_USER_PICK (USER_PICK_ID,USER_GUID,MATCHUP_ID,PICKED_TEAM_ID,RANK,LAST_UPDATE_DATE,LAST_UPDATE_USER,CREATE_DATE,CREATE_USER,SYS_MOD_COUNT) values (16,10,83,10,4,PARSEDATETIME('2011-08-08-10.42.04.713','yyyy-MM-dd-HH.mm.ss.SSS'),'BassettHnd',PARSEDATETIME('2011-08-08-10.42.04.713','yyyy-MM-dd-HH.mm.ss.SSS'),'BassettHnd',0);
Insert into PCKM_USER_PICK (USER_PICK_ID,USER_GUID,MATCHUP_ID,PICKED_TEAM_ID,RANK,LAST_UPDATE_DATE,LAST_UPDATE_USER,CREATE_DATE,CREATE_USER,SYS_MOD_COUNT) values (17,10,89,11,3,PARSEDATETIME('2011-08-08-10.42.04.713','yyyy-MM-dd-HH.mm.ss.SSS'),'BassettHnd',PARSEDATETIME('2011-08-08-10.42.04.713','yyyy-MM-dd-HH.mm.ss.SSS'),'BassettHnd',0);
Insert into PCKM_USER_PICK (USER_PICK_ID,USER_GUID,MATCHUP_ID,PICKED_TEAM_ID,RANK,LAST_UPDATE_DATE,LAST_UPDATE_USER,CREATE_DATE,CREATE_USER,SYS_MOD_COUNT) values (18,10,94,12,2,PARSEDATETIME('2011-08-08-10.42.04.713','yyyy-MM-dd-HH.mm.ss.SSS'),'BassettHnd',PARSEDATETIME('2011-08-08-10.42.04.713','yyyy-MM-dd-HH.mm.ss.SSS'),'BassettHnd',0);
Insert into PCKM_USER_PICK (USER_PICK_ID,USER_GUID,MATCHUP_ID,PICKED_TEAM_ID,RANK,LAST_UPDATE_DATE,LAST_UPDATE_USER,CREATE_DATE,CREATE_USER,SYS_MOD_COUNT) values (19,10,67,7,12,PARSEDATETIME('2011-08-08-10.59.52.387','yyyy-MM-dd-HH.mm.ss.SSS'),'BassettHnd',PARSEDATETIME('2011-08-08-10.59.52.387','yyyy-MM-dd-HH.mm.ss.SSS'),'BassettHnd',0);
Insert into PCKM_USER_PICK (USER_PICK_ID,USER_GUID,MATCHUP_ID,PICKED_TEAM_ID,RANK,LAST_UPDATE_DATE,LAST_UPDATE_USER,CREATE_DATE,CREATE_USER,SYS_MOD_COUNT) values (39,10,28,3,12,PARSEDATETIME('2011-08-22-13.06.43.063','yyyy-MM-dd-HH.mm.ss.SSS'),'BassettHnd',PARSEDATETIME('2011-08-22-13.06.43.063','yyyy-MM-dd-HH.mm.ss.SSS'),'BassettHnd',0);
Insert into PCKM_USER_PICK (USER_PICK_ID,USER_GUID,MATCHUP_ID,PICKED_TEAM_ID,RANK,LAST_UPDATE_DATE,LAST_UPDATE_USER,CREATE_DATE,CREATE_USER,SYS_MOD_COUNT) values (40,10,38,4,8,PARSEDATETIME('2011-08-22-13.06.43.063','yyyy-MM-dd-HH.mm.ss.SSS'),'BassettHnd',PARSEDATETIME('2011-08-22-13.06.43.063','yyyy-MM-dd-HH.mm.ss.SSS'),'BassettHnd',0);
Insert into PCKM_USER_PICK (USER_PICK_ID,USER_GUID,MATCHUP_ID,PICKED_TEAM_ID,RANK,LAST_UPDATE_DATE,LAST_UPDATE_USER,CREATE_DATE,CREATE_USER,SYS_MOD_COUNT) values (41,10,79,9,11,PARSEDATETIME('2011-08-22-13.06.43.063','yyyy-MM-dd-HH.mm.ss.SSS'),'BassettHnd',PARSEDATETIME('2011-08-22-13.06.43.063','yyyy-MM-dd-HH.mm.ss.SSS'),'BassettHnd',0);
Insert into PCKM_USER_PICK (USER_PICK_ID,USER_GUID,MATCHUP_ID,PICKED_TEAM_ID,RANK,LAST_UPDATE_DATE,LAST_UPDATE_USER,CREATE_DATE,CREATE_USER,SYS_MOD_COUNT) values (42,10,48,5,9,PARSEDATETIME('2011-08-22-13.06.43.063','yyyy-MM-dd-HH.mm.ss.SSS'),'BassettHnd',PARSEDATETIME('2011-08-22-13.06.43.063','yyyy-MM-dd-HH.mm.ss.SSS'),'BassettHnd',0);
Insert into PCKM_USER_PICK (USER_PICK_ID,USER_GUID,MATCHUP_ID,PICKED_TEAM_ID,RANK,LAST_UPDATE_DATE,LAST_UPDATE_USER,CREATE_DATE,CREATE_USER,SYS_MOD_COUNT) values (43,10,85,10,10,PARSEDATETIME('2011-08-22-13.06.43.063','yyyy-MM-dd-HH.mm.ss.SSS'),'BassettHnd',PARSEDATETIME('2011-08-22-13.06.43.063','yyyy-MM-dd-HH.mm.ss.SSS'),'BassettHnd',0);
Insert into PCKM_USER_PICK (USER_PICK_ID,USER_GUID,MATCHUP_ID,PICKED_TEAM_ID,RANK,LAST_UPDATE_DATE,LAST_UPDATE_USER,CREATE_DATE,CREATE_USER,SYS_MOD_COUNT) values (44,10,68,7,7,PARSEDATETIME('2011-08-22-13.06.43.063','yyyy-MM-dd-HH.mm.ss.SSS'),'BassettHnd',PARSEDATETIME('2011-08-22-13.06.43.063','yyyy-MM-dd-HH.mm.ss.SSS'),'BassettHnd',0);
Insert into PCKM_USER_PICK (USER_PICK_ID,USER_GUID,MATCHUP_ID,PICKED_TEAM_ID,RANK,LAST_UPDATE_DATE,LAST_UPDATE_USER,CREATE_DATE,CREATE_USER,SYS_MOD_COUNT) values (28,10,15,2,12,PARSEDATETIME('2011-08-08-11.12.09.971','yyyy-MM-dd-HH.mm.ss.SSS'),'BassettHnd',PARSEDATETIME('2011-08-08-11.12.09.971','yyyy-MM-dd-HH.mm.ss.SSS'),'BassettHnd',0);
Insert into PCKM_USER_PICK (USER_PICK_ID,USER_GUID,MATCHUP_ID,PICKED_TEAM_ID,RANK,LAST_UPDATE_DATE,LAST_UPDATE_USER,CREATE_DATE,CREATE_USER,SYS_MOD_COUNT) values (29,10,26,9,8,PARSEDATETIME('2011-08-08-11.12.09.971','yyyy-MM-dd-HH.mm.ss.SSS'),'BassettHnd',PARSEDATETIME('2011-08-08-11.12.09.971','yyyy-MM-dd-HH.mm.ss.SSS'),'BassettHnd',0);
Insert into PCKM_USER_PICK (USER_PICK_ID,USER_GUID,MATCHUP_ID,PICKED_TEAM_ID,RANK,LAST_UPDATE_DATE,LAST_UPDATE_USER,CREATE_DATE,CREATE_USER,SYS_MOD_COUNT) values (30,10,36,4,11,PARSEDATETIME('2011-08-08-11.12.09.971','yyyy-MM-dd-HH.mm.ss.SSS'),'BassettHnd',PARSEDATETIME('2011-08-08-11.12.09.971','yyyy-MM-dd-HH.mm.ss.SSS'),'BassettHnd',0);
Insert into PCKM_USER_PICK (USER_PICK_ID,USER_GUID,MATCHUP_ID,PICKED_TEAM_ID,RANK,LAST_UPDATE_DATE,LAST_UPDATE_USER,CREATE_DATE,CREATE_USER,SYS_MOD_COUNT) values (31,10,46,5,5,PARSEDATETIME('2011-08-08-11.12.09.971','yyyy-MM-dd-HH.mm.ss.SSS'),'BassettHnd',PARSEDATETIME('2011-08-08-11.12.09.971','yyyy-MM-dd-HH.mm.ss.SSS'),'BassettHnd',0);
Insert into PCKM_USER_PICK (USER_PICK_ID,USER_GUID,MATCHUP_ID,PICKED_TEAM_ID,RANK,LAST_UPDATE_DATE,LAST_UPDATE_USER,CREATE_DATE,CREATE_USER,SYS_MOD_COUNT) values (32,10,56,6,4,PARSEDATETIME('2011-08-08-11.12.09.971','yyyy-MM-dd-HH.mm.ss.SSS'),'BassettHnd',PARSEDATETIME('2011-08-08-11.12.09.971','yyyy-MM-dd-HH.mm.ss.SSS'),'BassettHnd',0);
Insert into PCKM_USER_PICK (USER_PICK_ID,USER_GUID,MATCHUP_ID,PICKED_TEAM_ID,RANK,LAST_UPDATE_DATE,LAST_UPDATE_USER,CREATE_DATE,CREATE_USER,SYS_MOD_COUNT) values (33,10,66,7,9,PARSEDATETIME('2011-08-08-11.12.09.971','yyyy-MM-dd-HH.mm.ss.SSS'),'BassettHnd',PARSEDATETIME('2011-08-08-11.12.09.971','yyyy-MM-dd-HH.mm.ss.SSS'),'BassettHnd',0);
Insert into PCKM_USER_PICK (USER_PICK_ID,USER_GUID,MATCHUP_ID,PICKED_TEAM_ID,RANK,LAST_UPDATE_DATE,LAST_UPDATE_USER,CREATE_DATE,CREATE_USER,SYS_MOD_COUNT) values (34,10,73,8,3,PARSEDATETIME('2011-08-08-11.12.09.971','yyyy-MM-dd-HH.mm.ss.SSS'),'BassettHnd',PARSEDATETIME('2011-08-08-11.12.09.971','yyyy-MM-dd-HH.mm.ss.SSS'),'BassettHnd',0);
Insert into PCKM_USER_PICK (USER_PICK_ID,USER_GUID,MATCHUP_ID,PICKED_TEAM_ID,RANK,LAST_UPDATE_DATE,LAST_UPDATE_USER,CREATE_DATE,CREATE_USER,SYS_MOD_COUNT) values (35,10,3,1,10,PARSEDATETIME('2011-08-08-11.12.09.971','yyyy-MM-dd-HH.mm.ss.SSS'),'BassettHnd',PARSEDATETIME('2011-08-08-11.12.09.971','yyyy-MM-dd-HH.mm.ss.SSS'),'BassettHnd',0);
Insert into PCKM_USER_PICK (USER_PICK_ID,USER_GUID,MATCHUP_ID,PICKED_TEAM_ID,RANK,LAST_UPDATE_DATE,LAST_UPDATE_USER,CREATE_DATE,CREATE_USER,SYS_MOD_COUNT) values (36,10,90,11,7,PARSEDATETIME('2011-08-08-11.12.09.971','yyyy-MM-dd-HH.mm.ss.SSS'),'BassettHnd',PARSEDATETIME('2011-08-08-11.12.09.971','yyyy-MM-dd-HH.mm.ss.SSS'),'BassettHnd',0);
Insert into PCKM_USER_PICK (USER_PICK_ID,USER_GUID,MATCHUP_ID,PICKED_TEAM_ID,RANK,LAST_UPDATE_DATE,LAST_UPDATE_USER,CREATE_DATE,CREATE_USER,SYS_MOD_COUNT) values (37,10,95,53,6,PARSEDATETIME('2011-08-08-11.12.09.971','yyyy-MM-dd-HH.mm.ss.SSS'),'BassettHnd',PARSEDATETIME('2011-08-08-11.12.09.971','yyyy-MM-dd-HH.mm.ss.SSS'),'BassettHnd',0);
Insert into PCKM_USER_PICK (USER_PICK_ID,USER_GUID,MATCHUP_ID,PICKED_TEAM_ID,RANK,LAST_UPDATE_DATE,LAST_UPDATE_USER,CREATE_DATE,CREATE_USER,SYS_MOD_COUNT) values (38,10,5,1,6,PARSEDATETIME('2011-08-22-13.06.43.063','yyyy-MM-dd-HH.mm.ss.SSS'),'BassettHnd',PARSEDATETIME('2011-08-22-13.06.43.063','yyyy-MM-dd-HH.mm.ss.SSS'),'BassettHnd',0);
